prompt_id,layer,head,cv,kl,entropy,p_max
factual,0,0,0.665993,0.8759168,0.624627,0.771972
factual,0,1,0.513065,1.133054,1.002491,0.587328
factual,0,2,0.436212,0.3860331,0.113681,0.978677
factual,0,3,0.873124,1.4829515,0.729819,0.762359
factual,0,4,0.962814,1.3554387,0.698711,0.781736
factual,0,5,0.731216,1.7421464,0.820156,0.706332
factual,0,6,1.254066,2.226974,0.892724,0.754507
factual,0,7,0.767365,3.210757,1.381415,0.531532
factual,0,8,1.125091,2.4343033,0.939158,0.722772
factual,0,9,0.411757,0.2201169,0.130822,0.971705
factual,0,10,0.445016,0.338706,0.15439,0.962148
factual,0,11,0.340429,0.2419162,0.115679,0.971296
factual,0,12,0.886949,0.8077655,0.344718,0.906248
factual,0,13,1.306331,2.7767274,1.063608,0.720253
factual,0,14,1.264102,3.4107423,1.16244,0.681584
factual,0,15,0.4243,3.748754,1.585838,0.374522
factual,0,16,1.208887,1.1564859,0.511544,0.887902
factual,0,17,0.655315,3.8536935,1.482806,0.459342
factual,0,18,0.773227,2.7684095,1.188657,0.579604
factual,0,19,0.549614,2.5591028,1.315022,0.485747
factual,0,20,0.920531,2.938036,1.139693,0.635194
factual,0,21,0.276706,2.7577763,0.96495,0.65628
factual,0,22,9e-06,4e-07,1e-06,1.0
factual,0,23,0.002097,0.0001599,0.000195,0.999985
factual,1,0,1.099975,2.7659159,0.912633,0.725122
factual,1,1,1.08508,1.4780077,0.673669,0.81073
factual,1,2,1.275999,1.6548285,0.546433,0.877542
factual,1,3,0.706011,0.6343726,0.372005,0.876707
factual,1,4,0.841062,1.1187356,0.315039,0.929621
factual,1,5,0.676249,0.55655,0.294564,0.91186
factual,1,6,1.369618,2.6692092,0.959313,0.759736
factual,1,7,1.156168,0.9319583,0.349365,0.935306
factual,1,8,0.962238,2.0060816,0.829901,0.732003
factual,1,9,1.293937,1.4726665,0.443006,0.91289
factual,1,10,0.727273,0.5804524,0.226875,0.954823
factual,1,11,0.95661,0.7110329,0.273912,0.949473
factual,1,12,0.772384,0.9872345,0.466844,0.853003
factual,1,13,1.030819,1.3121428,0.584,0.845029
factual,1,14,0.806395,1.0873978,0.358845,0.913584
factual,1,15,0.496752,0.8396701,0.79586,0.644002
factual,1,16,0.976391,1.5159115,0.776704,0.765394
factual,1,17,0.689015,0.8283025,0.391191,0.871973
factual,1,18,0.804787,0.7209401,0.395083,0.893598
factual,1,19,0.75771,0.937034,0.425742,0.873384
factual,1,20,0.702175,0.6669374,0.302881,0.916034
factual,1,21,1.104091,3.8136754,1.249894,0.639585
factual,1,22,1.22103,1.2493749,0.614865,0.843359
factual,1,23,1.371378,1.8156961,0.747688,0.814264
factual,2,0,0.655734,0.4274626,0.165824,0.971383
factual,2,1,0.714605,0.7315759,0.209937,0.958035
factual,2,2,0.794012,0.8808913,0.249904,0.949624
factual,2,3,1.445212,2.1984079,0.628714,0.864457
factual,2,4,1.161712,0.9637154,0.376311,0.926968
factual,2,5,1.233642,1.8055723,0.606291,0.8544
factual,2,6,0.679045,0.613129,0.199983,0.96105
factual,2,7,0.918595,0.9218742,0.344853,0.92302
factual,2,8,1.043675,1.0413499,0.385575,0.914701
factual,2,9,0.819257,1.1308603,0.445013,0.866844
factual,2,10,0.812901,0.731343,0.267367,0.944844
factual,2,11,0.705034,0.9674751,0.308898,0.921944
factual,2,12,1.100349,1.1223702,0.481267,0.885946
factual,2,13,1.102416,1.3504647,0.536356,0.863843
factual,2,14,1.348419,1.5480647,0.537709,0.886127
factual,2,15,0.320542,0.2231723,0.143199,0.962635
factual,2,16,0.193311,0.2521126,0.182509,0.918457
factual,2,17,0.512264,0.5028497,0.252061,0.931125
factual,2,18,1.262469,1.9675252,0.669474,0.836402
factual,2,19,0.478725,0.2799107,0.355201,0.855101
factual,2,20,0.807992,0.6776986,0.387197,0.890559
factual,2,21,0.827775,0.8639535,0.372277,0.901716
factual,2,22,0.985318,1.1458106,0.361163,0.923385
factual,2,23,1.059188,1.7081573,0.610658,0.827
factual,3,0,1.250298,1.4119406,0.556009,0.874141
factual,3,1,1.051828,1.186524,0.379854,0.922579
factual,3,2,1.163585,2.0089805,0.64077,0.838125
factual,3,3,0.715321,0.593606,0.211864,0.959573
factual,3,4,0.939609,1.1761616,0.546658,0.834108
factual,3,5,1.020717,1.1965212,0.391523,0.914369
factual,3,6,1.16241,1.8802671,0.639639,0.828501
factual,3,7,1.021504,1.28326,0.409003,0.908277
factual,3,8,0.887454,1.9279058,0.680475,0.772759
factual,3,9,1.120728,1.1430067,0.407541,0.915882
factual,3,10,0.851058,0.6433221,0.261149,0.948733
factual,3,11,1.182012,1.7874354,0.731645,0.792756
factual,3,12,0.859503,1.2038579,0.502054,0.859668
factual,3,13,0.873158,1.2107019,0.511597,0.852135
factual,3,14,0.988757,0.9705663,0.640802,0.811417
factual,3,15,1.317541,1.4851059,0.474404,0.903574
factual,3,16,1.471941,2.0932691,0.715028,0.83574
factual,3,17,1.321307,2.129746,0.673864,0.833548
factual,3,18,0.986839,1.4766102,0.52934,0.847641
factual,3,19,0.99288,1.3246987,0.449581,0.88316
factual,3,20,0.839229,0.7998912,0.338497,0.917194
factual,3,21,1.302341,2.5705786,0.89174,0.763293
factual,3,22,1.238924,2.5013177,0.835786,0.779006
factual,3,23,1.037555,2.1596918,0.902142,0.707605
factual,4,0,1.352463,1.7277648,0.547173,0.881735
factual,4,1,1.177931,1.6470716,0.531083,0.879639
factual,4,2,1.198075,1.2489299,0.459741,0.903294
factual,4,3,1.160182,1.9519126,0.725693,0.794855
factual,4,4,1.075942,2.1011472,0.992255,0.679221
factual,4,5,1.10344,2.1861882,0.941119,0.713727
factual,4,6,1.266428,2.26984,0.841065,0.778408
factual,4,7,1.233056,1.6303928,0.535613,0.874944
factual,4,8,1.138566,2.6196153,0.881998,0.727785
factual,4,9,0.807255,1.2777951,0.603384,0.813697
factual,4,10,1.102553,1.7221332,0.62838,0.827382
factual,4,11,0.79531,1.1043417,0.480482,0.859204
factual,4,12,1.139802,1.7837045,0.631666,0.832144
factual,4,13,1.015235,1.368938,0.617194,0.8103
factual,4,14,0.539907,0.6416823,0.31362,0.896246
factual,4,15,1.359492,1.6918038,0.565723,0.876026
factual,4,16,0.750549,0.5496345,0.206736,0.963108
factual,4,17,1.248348,1.1581645,0.514681,0.886204
factual,4,18,1.177167,2.0183172,0.61213,0.845893
factual,4,19,1.148023,1.6130314,0.686078,0.817943
factual,4,20,1.228575,1.7476797,0.654274,0.828636
factual,4,21,0.484663,0.3239328,0.115252,0.980854
factual,4,22,0.511329,0.3244503,0.118226,0.980842
factual,4,23,0.952491,1.7198541,0.51332,0.863948
factual,5,0,0.994528,1.1542342,0.345691,0.929571
factual,5,1,0.853252,0.7289195,0.25218,0.95219
factual,5,2,1.183222,1.6576471,0.672895,0.809431
factual,5,3,1.137519,1.4826912,0.669418,0.824963
factual,5,4,1.049133,1.5610931,0.582057,0.832458
factual,5,5,1.232374,1.7109895,0.600554,0.861881
factual,5,6,0.463101,0.5353184,0.176657,0.957965
factual,5,7,0.208244,0.127342,0.046074,0.992469
factual,5,8,0.697522,1.2272238,0.499213,0.818314
factual,5,9,1.024459,1.5374448,0.913936,0.721265
factual,5,10,0.953436,1.7615589,0.640474,0.811231
factual,5,11,1.179808,1.7183928,0.680422,0.824679
factual,5,12,1.220283,3.1773956,0.944084,0.731423
factual,5,13,1.108262,2.4703665,1.056924,0.674359
factual,5,14,1.392043,1.7659991,0.852046,0.77907
factual,5,15,1.056478,0.9022738,0.350265,0.929848
factual,5,16,1.342459,1.5502062,0.521773,0.890426
factual,5,17,1.04998,1.3928341,0.530927,0.858225
factual,5,18,1.221825,1.6452971,0.53462,0.876469
factual,5,19,1.187844,1.4779949,0.450282,0.904244
factual,5,20,1.379339,1.8905742,0.643806,0.853848
factual,5,21,1.285601,2.4441931,0.803224,0.787018
factual,5,22,1.044627,0.7710775,0.463825,0.8829
factual,5,23,0.996672,1.4568418,0.668275,0.795243
factual,6,0,1.15665,1.5605085,0.583607,0.855938
factual,6,1,0.85573,1.5623863,0.457313,0.878499
factual,6,2,1.139082,1.2861962,0.621932,0.827461
factual,6,3,1.273336,2.5593939,0.94524,0.734288
factual,6,4,1.195999,1.8941336,0.618687,0.85195
factual,6,5,1.151439,1.6799257,0.770933,0.78944
factual,6,6,1.082781,1.4241666,0.512246,0.87798
factual,6,7,0.929244,0.6902797,0.655059,0.802569
factual,6,8,1.072003,1.397066,0.567051,0.85307
factual,6,9,1.193148,2.0830574,0.835179,0.755207
factual,6,10,1.287386,1.7128747,0.618284,0.858298
factual,6,11,1.193819,2.4121671,0.784687,0.784372
factual,6,12,0.951223,1.3976134,0.625212,0.799796
factual,6,13,1.213157,1.4987406,0.62925,0.8326
factual,6,14,1.00963,1.3147172,0.573913,0.832912
factual,6,15,1.093779,2.5891171,1.12675,0.661757
factual,6,16,1.183449,2.9808433,1.078763,0.693226
factual,6,17,0.984914,1.6453073,0.715666,0.790672
factual,6,18,1.095887,1.1462656,0.36922,0.927186
factual,6,19,0.845704,0.8659321,0.262018,0.949868
factual,6,20,1.33196,1.9353027,0.656341,0.845922
factual,6,21,0.995008,2.0740201,0.612075,0.828876
factual,6,22,0.855723,2.5271511,0.737646,0.775131
factual,6,23,1.025747,2.1929595,0.889336,0.716193
factual,7,0,0.81956,1.659899,1.125228,0.598081
factual,7,1,0.792504,2.2672291,1.106354,0.605566
factual,7,2,1.165566,1.6646116,0.674276,0.828813
factual,7,3,1.387971,1.9968383,0.673573,0.844283
factual,7,4,1.31168,2.0981932,0.647227,0.848103
factual,7,5,1.369056,1.7635319,0.668763,0.842676
factual,7,6,0.976778,3.2007318,1.305406,0.593234
factual,7,7,1.244786,2.6182461,1.026414,0.702667
factual,7,8,1.072019,2.511317,0.910486,0.716288
factual,7,9,1.176502,2.5357037,0.909789,0.738027
factual,7,10,1.144468,2.3238723,0.853146,0.757837
factual,7,11,1.154201,2.2170854,0.926443,0.720095
factual,7,12,1.294836,1.7005844,0.550902,0.876511
factual,7,13,1.078869,2.0704067,0.882193,0.719914
factual,7,14,1.410101,1.9691042,0.830552,0.796601
factual,7,15,1.355391,2.3611772,0.97682,0.740508
factual,7,16,1.070876,3.0399044,1.149272,0.646465
factual,7,17,1.234953,1.7307117,0.689637,0.826632
factual,7,18,0.99229,1.9866996,0.908181,0.723932
factual,7,19,1.063753,1.9615533,0.853041,0.758635
factual,7,20,0.824659,1.2804075,0.771724,0.719884
factual,7,21,1.192143,2.3095279,0.840086,0.752618
factual,7,22,1.088096,1.7945223,0.670877,0.789946
factual,7,23,1.195978,2.780901,0.901897,0.751485
factual,8,0,1.088899,1.4354753,0.587112,0.847327
factual,8,1,1.002149,1.8508005,0.888853,0.736869
factual,8,2,0.614093,0.8465511,0.551626,0.813411
factual,8,3,1.01487,1.8635758,1.228495,0.608667
factual,8,4,1.076726,1.4491295,0.766074,0.758803
factual,8,5,1.178532,2.2863154,1.020396,0.702513
factual,8,6,0.958589,1.6354098,0.545999,0.860222
factual,8,7,1.233787,1.7757792,0.540767,0.879361
factual,8,8,0.859459,1.6976244,0.557978,0.834207
factual,8,9,0.883379,1.9674734,1.160275,0.593699
factual,8,10,1.26853,2.2565029,0.666935,0.834842
factual,8,11,1.252155,2.7395415,0.898339,0.758088
factual,8,12,1.119022,2.6742246,1.137878,0.639161
factual,8,13,1.298255,1.9611969,0.751825,0.809809
factual,8,14,1.150293,2.2413588,0.993952,0.716488
factual,8,15,1.099785,2.4315326,0.96204,0.711441
factual,8,16,1.21835,3.2246542,0.994319,0.722785
factual,8,17,0.91673,1.3927029,0.931103,0.645974
factual,8,18,1.294691,1.9344662,0.761726,0.808947
factual,8,19,1.186521,1.7258399,0.540126,0.869756
factual,8,20,1.269088,2.4010754,0.955124,0.745262
factual,8,21,1.304563,1.7775507,0.567619,0.872068
factual,8,22,1.226459,3.3101611,0.949656,0.728861
factual,8,23,1.182494,2.4632056,1.039023,0.706262
factual,9,0,1.080158,3.1157022,1.185632,0.643888
factual,9,1,1.166537,1.9423364,0.934588,0.731849
factual,9,2,1.14974,2.5778856,0.888707,0.7458
factual,9,3,1.208665,2.4873199,0.952564,0.713507
factual,9,4,1.431868,2.2090406,0.797861,0.810938
factual,9,5,1.272343,1.2578801,0.437535,0.913039
factual,9,6,1.12119,2.891222,0.982804,0.704015
factual,9,7,0.959136,2.332186,1.200971,0.594872
factual,9,8,0.628409,1.4509758,1.227815,0.498448
factual,9,9,1.162877,2.6114745,1.06115,0.708002
factual,9,10,1.126827,2.7483191,0.986216,0.718677
factual,9,11,1.125323,2.317246,0.969398,0.712011
factual,9,12,1.149484,1.9853724,0.934633,0.732471
factual,9,13,1.337242,2.2171364,0.934666,0.752487
factual,9,14,0.923622,3.4103355,1.250879,0.613454
factual,9,15,1.209338,1.7391293,0.630112,0.846647
factual,9,16,1.364453,2.0452542,0.717766,0.82433
factual,9,17,1.296742,2.9463224,0.983516,0.737606
factual,9,18,1.100368,3.2027125,0.955181,0.696242
factual,9,19,0.959518,1.6126003,0.556149,0.834382
factual,9,20,0.940225,1.3269503,0.549841,0.838401
factual,9,21,1.230793,3.1338539,1.069385,0.698325
factual,9,22,1.275767,2.8752255,0.857818,0.769773
factual,9,23,1.186198,1.7911589,0.781883,0.782981
factual,10,0,1.063886,1.6488247,0.873076,0.728423
factual,10,1,1.142246,2.5830324,0.908629,0.722633
factual,10,2,1.205472,3.5287483,1.022923,0.713037
factual,10,3,1.057024,1.6472263,0.689153,0.807241
factual,10,4,0.853093,2.2142324,0.75608,0.761729
factual,10,5,1.157815,2.030395,0.899071,0.757809
factual,10,6,1.009153,3.1148813,1.04985,0.660301
factual,10,7,1.016157,1.9001621,1.154111,0.626997
factual,10,8,1.147135,3.1189928,1.04543,0.700624
factual,10,9,1.238786,2.2763004,0.79207,0.798732
factual,10,10,1.090773,3.2105701,1.172052,0.654755
factual,10,11,1.094268,1.266129,0.399151,0.915934
factual,10,12,0.745691,1.7582868,1.175215,0.571034
factual,10,13,0.896305,2.5603898,1.296039,0.55091
factual,10,14,1.021479,2.5045147,1.115463,0.646837
factual,10,15,1.314752,2.3375995,0.818696,0.796382
factual,10,16,1.310316,1.6925795,0.71296,0.823916
factual,10,17,1.289501,3.2230778,1.107011,0.697955
factual,10,18,0.932151,3.1035428,1.300573,0.579537
factual,10,19,1.102879,2.396301,1.077973,0.680166
factual,10,20,0.953066,2.5587564,1.160003,0.631468
factual,10,21,1.013564,0.9942718,0.343513,0.93157
factual,10,22,1.272797,1.7674769,0.509934,0.89147
factual,10,23,1.119308,2.6609352,0.803207,0.775386
factual,11,0,1.190398,3.4696319,1.098123,0.682924
factual,11,1,1.454774,2.4101486,0.762521,0.820972
factual,11,2,1.40143,2.5214036,0.945189,0.756137
factual,11,3,1.250672,2.7326813,0.909971,0.75826
factual,11,4,1.409609,2.0246964,0.770566,0.816145
factual,11,5,1.226063,3.0443921,1.003471,0.728265
factual,11,6,1.369401,2.5498693,0.866277,0.784713
factual,11,7,1.127732,3.3162723,1.159193,0.664871
factual,11,8,0.907938,3.1807895,1.269373,0.585834
factual,11,9,1.19293,2.2895775,0.879313,0.746209
factual,11,10,0.841094,3.4948127,1.374403,0.553919
factual,11,11,0.71167,3.9032559,1.449648,0.501035
factual,11,12,0.965761,1.9091713,1.064236,0.662233
factual,11,13,1.067888,2.2608767,0.96145,0.698685
factual,11,14,0.902579,1.7107704,0.958722,0.667338
factual,11,15,1.167055,2.9716606,1.037858,0.684247
factual,11,16,0.875446,2.4438469,1.28656,0.583395
factual,11,17,1.225815,1.9679841,0.813644,0.768951
factual,11,18,0.998298,3.3336177,1.184681,0.627568
factual,11,19,1.166163,2.7530365,1.062524,0.695347
factual,11,20,1.235506,3.2066836,1.048092,0.704441
factual,11,21,0.939604,3.2673965,1.193125,0.606247
factual,11,22,0.874607,2.9988174,1.317755,0.554749
factual,11,23,0.810058,3.3427551,1.335217,0.549918
factual,12,0,1.086121,3.3403335,1.132057,0.67004
factual,12,1,0.777634,1.8988216,1.230591,0.562466
factual,12,2,0.907897,3.4010754,1.259508,0.598751
factual,12,3,1.193491,1.5439886,0.474964,0.898368
factual,12,4,1.290441,1.7156881,0.606426,0.861604
factual,12,5,0.958069,2.8187957,1.048265,0.665864
factual,12,6,0.704291,2.1536961,1.304385,0.540396
factual,12,7,0.836978,2.2524393,1.229129,0.564923
factual,12,8,0.886404,3.3760154,1.274794,0.597492
factual,12,9,1.004934,2.9116607,1.13952,0.655321
factual,12,10,0.990285,2.9869373,1.180907,0.651608
factual,12,11,1.245497,2.7331557,0.898765,0.753452
factual,12,12,0.769774,3.1583734,1.329454,0.533351
factual,12,13,1.371706,2.4778154,0.902432,0.774465
factual,12,14,0.939524,3.0957496,1.226552,0.604898
factual,12,15,1.156775,1.680446,0.700662,0.808151
factual,12,16,1.046491,1.7870958,0.725448,0.778442
factual,12,17,1.135836,1.809646,0.942747,0.720167
factual,12,18,1.14325,2.6326923,0.997767,0.710432
factual,12,19,1.011241,1.7369466,0.719146,0.786226
factual,12,20,1.01555,1.2681068,0.536357,0.855803
factual,12,21,0.791583,2.3754678,1.17451,0.478368
factual,12,22,1.180113,2.3729935,0.888005,0.746343
factual,12,23,0.736302,2.7786491,1.374466,0.506435
factual,13,0,1.265537,2.4314532,0.897685,0.752772
factual,13,1,1.291882,1.814698,0.76219,0.804472
factual,13,2,1.073654,1.0332974,0.612429,0.819883
factual,13,3,1.051856,2.5564597,1.013646,0.689358
factual,13,4,1.298231,1.8122773,0.550267,0.877365
factual,13,5,1.168136,2.3994768,1.114947,0.686685
factual,13,6,0.469677,1.4557303,1.091848,0.512276
factual,13,7,0.830526,2.2760868,1.300545,0.548448
factual,13,8,0.875637,3.4281769,1.265412,0.569778
factual,13,9,1.017734,3.1580629,1.070922,0.666753
factual,13,10,0.968878,2.8476462,1.224564,0.604679
factual,13,11,1.29646,1.6851966,0.660872,0.835369
factual,13,12,1.188874,1.9946407,0.825631,0.76892
factual,13,13,0.727587,0.9575944,0.280609,0.934763
factual,13,14,0.599433,1.0599507,0.683218,0.732338
factual,13,15,0.827988,2.9165173,1.279533,0.546117
factual,13,16,1.22559,2.2875075,0.745116,0.811246
factual,13,17,1.089669,3.3438315,1.103107,0.66726
factual,13,18,1.186182,2.3306749,0.978014,0.717114
factual,13,19,1.39226,2.1767952,0.739299,0.824246
factual,13,20,1.346185,2.293339,0.866688,0.772989
factual,13,21,1.033238,3.0514836,1.206461,0.636536
factual,13,22,1.286067,2.3100612,0.808706,0.795837
factual,13,23,1.106339,2.6840568,1.002187,0.714253
factual,14,0,0.752569,2.9567535,1.194208,0.527833
factual,14,1,0.522888,0.4232714,0.267899,0.913096
factual,14,2,0.432479,0.4571907,0.136941,0.97104
factual,14,3,0.898075,2.9250379,1.228614,0.580262
factual,14,4,0.639427,2.7893443,1.447754,0.43097
factual,14,5,0.496463,3.2020233,1.55368,0.393983
factual,14,6,0.804673,3.4990683,1.26406,0.538219
factual,14,7,0.845871,2.4131811,1.322279,0.536126
factual,14,8,0.677285,3.1655271,1.430856,0.476482
factual,14,9,1.105023,1.9958633,0.73211,0.783606
factual,14,10,1.127305,2.389066,0.802039,0.769639
factual,14,11,1.109517,2.0973907,0.884017,0.735017
factual,14,12,1.078928,2.1723609,0.845465,0.755724
factual,14,13,1.409655,2.4238133,0.732067,0.831433
factual,14,14,1.408505,1.8522635,0.608281,0.867126
factual,14,15,1.066968,2.8994293,1.166519,0.642323
factual,14,16,1.083737,2.9890211,1.133437,0.662594
factual,14,17,0.707536,2.8910766,1.334465,0.515404
factual,14,18,0.844436,3.6377211,1.345652,0.523196
factual,14,19,0.926201,3.2405899,1.284966,0.584995
factual,14,20,1.161978,2.9375286,1.115055,0.663054
factual,14,21,0.791988,1.5752435,0.805279,0.721397
factual,14,22,0.395144,0.6554165,0.317464,0.879909
factual,14,23,1.003329,2.8150423,1.037537,0.662288
factual,15,0,1.134411,1.0575392,0.369346,0.927437
factual,15,1,1.191911,1.4115361,0.434108,0.908022
factual,15,2,1.140101,1.9438843,0.964519,0.716366
factual,15,3,0.854214,2.3210955,1.263754,0.553625
factual,15,4,1.129239,1.7502288,0.972697,0.707906
factual,15,5,0.987069,2.8626678,1.238045,0.589419
factual,15,6,1.25434,1.4142878,0.536408,0.879907
factual,15,7,1.209417,1.2952797,0.569174,0.862584
factual,15,8,1.000092,2.297482,1.062512,0.648876
factual,15,9,0.88939,3.1092057,1.31266,0.545518
factual,15,10,0.966759,3.1360669,1.268929,0.595744
factual,15,11,0.742886,2.906208,1.406359,0.507684
factual,15,12,1.109547,1.4495138,0.457642,0.898958
factual,15,13,0.8159,0.721993,0.232135,0.957377
factual,15,14,1.05744,1.7843482,0.792453,0.758219
factual,15,15,1.070638,3.9988029,1.229035,0.628465
factual,15,16,1.115546,3.103847,1.198714,0.633816
factual,15,17,0.966182,2.2087746,0.987917,0.672356
factual,15,18,1.050795,1.497797,0.68044,0.792095
factual,15,19,1.222581,1.2591558,0.524453,0.880281
factual,15,20,1.236011,1.8039715,0.842069,0.771946
factual,15,21,1.1224,1.8783358,0.717593,0.80556
factual,15,22,1.184675,1.774762,0.743483,0.808153
factual,15,23,1.238999,2.4681435,0.87756,0.759658
factual,16,0,0.967291,0.8379798,0.301361,0.940182
factual,16,1,1.356524,2.4914045,0.747687,0.812569
factual,16,2,0.711169,0.5204491,0.196807,0.963244
factual,16,3,0.399828,0.2349197,0.093738,0.983888
factual,16,4,1.00609,1.3125384,0.624037,0.817825
factual,16,5,0.75012,0.5576869,0.189489,0.967693
factual,16,6,0.884718,2.6706636,1.128994,0.629066
factual,16,7,0.9872,1.7906959,0.69351,0.793596
factual,16,8,1.366291,2.4603684,0.893415,0.770383
factual,16,9,0.999464,1.2128395,0.37091,0.918382
factual,16,10,0.838863,0.6602909,0.238011,0.955401
factual,16,11,1.132975,1.5379207,0.841,0.764132
factual,16,12,1.076232,1.0819358,0.50254,0.878138
factual,16,13,1.078463,1.0904257,0.359833,0.928043
factual,16,14,1.181775,1.5824785,0.573524,0.863443
factual,16,15,1.120579,1.14744,0.413932,0.913847
factual,16,16,1.084126,0.9841375,0.340483,0.935143
factual,16,17,1.030338,1.1858377,0.357284,0.927443
factual,16,18,1.253229,2.6079926,0.922802,0.730873
factual,16,19,0.907362,2.0352845,1.069165,0.612376
factual,16,20,1.087323,1.9763403,0.948482,0.705901
factual,16,21,0.874572,2.2912645,1.227771,0.588213
factual,16,22,0.965866,0.9962208,0.573036,0.842403
factual,16,23,1.074703,1.0515532,0.465562,0.883106
factual,17,0,0.861615,0.8643693,0.381201,0.906591
factual,17,1,1.089854,1.1882112,0.410343,0.912382
factual,17,2,1.216602,1.9861085,0.817201,0.779092
factual,17,3,0.871791,0.781397,0.264979,0.949593
factual,17,4,0.666673,0.4606003,0.165776,0.971905
factual,17,5,1.071552,0.9841887,0.603651,0.838303
factual,17,6,0.891463,1.7122029,1.118125,0.607702
factual,17,7,0.964214,1.1112207,0.914926,0.677333
factual,17,8,1.166713,2.2026739,0.980346,0.697314
factual,17,9,0.570081,0.3587024,0.253894,0.929254
factual,17,10,0.951055,1.1634282,0.382479,0.914983
factual,17,11,0.672749,0.4997454,0.300146,0.918118
factual,17,12,0.639745,0.5227723,0.166796,0.969231
factual,17,13,1.01547,1.1046305,0.432182,0.899081
factual,17,14,1.03713,0.9038463,0.313046,0.940661
factual,17,15,1.062802,2.9611938,1.101078,0.661697
factual,17,16,1.110151,1.440143,0.669702,0.8104
factual,17,17,1.185318,2.2040176,1.004176,0.722235
factual,17,18,1.091552,1.5741112,0.725146,0.8011
factual,17,19,0.653492,0.6306092,0.254017,0.934832
factual,17,20,1.025904,1.1080811,0.446699,0.893507
factual,17,21,0.994869,0.8792917,0.30192,0.941708
factual,17,22,1.093069,1.2461345,0.496565,0.879876
factual,17,23,1.100247,0.9428118,0.377038,0.922709
factual,18,0,0.893141,1.5007856,0.792074,0.6898
factual,18,1,1.201271,1.926789,0.598992,0.857095
factual,18,2,0.833917,0.6765246,0.222506,0.960548
factual,18,3,0.859252,0.9562526,0.277678,0.944633
factual,18,4,0.684705,0.6062545,0.190009,0.965481
factual,18,5,0.768073,2.1359799,0.386991,0.872675
factual,18,6,1.144789,1.6620674,0.747864,0.790903
factual,18,7,1.311064,1.9437313,0.641191,0.846001
factual,18,8,1.332871,1.8725462,0.553814,0.876349
factual,18,9,1.364972,2.986325,0.875134,0.777037
factual,18,10,1.096171,1.6166279,0.576731,0.854381
factual,18,11,1.191324,1.4568681,0.636276,0.827411
factual,18,12,0.542572,0.5167845,0.213001,0.938119
factual,18,13,0.675466,0.4401534,0.191771,0.961531
factual,18,14,0.792395,0.6348177,0.211332,0.9625
factual,18,15,0.389187,0.2342997,0.087388,0.985901
factual,18,16,1.086439,1.0061412,0.389572,0.918726
factual,18,17,1.187277,1.2530081,0.447163,0.905522
factual,18,18,0.846367,0.7009515,0.23008,0.959448
factual,18,19,1.119832,1.781968,0.48034,0.889871
factual,18,20,1.060568,2.8396568,1.082531,0.666672
factual,18,21,1.122216,1.7444057,0.769726,0.779052
factual,18,22,1.221486,1.8045197,0.708848,0.811525
factual,18,23,1.085617,1.0188808,0.336862,0.936414
factual,19,0,1.100262,1.7258689,0.690714,0.814089
factual,19,1,0.959512,1.8174967,1.01703,0.642412
factual,19,2,1.079339,2.5668781,1.079166,0.65459
factual,19,3,0.826632,1.4188102,0.703818,0.762432
factual,19,4,1.027402,2.1263103,0.856119,0.736397
factual,19,5,0.951589,1.5091431,0.599615,0.818624
factual,19,6,0.967888,2.2144418,0.903223,0.703588
factual,19,7,0.67545,1.7546829,1.102245,0.513433
factual,19,8,1.217824,2.0188816,0.652707,0.837857
factual,19,9,1.160321,1.6505649,0.575917,0.860091
factual,19,10,1.180851,1.3829501,0.48945,0.890694
factual,19,11,1.172152,3.5135477,0.994635,0.71216
factual,19,12,0.857357,0.6665001,0.262556,0.948846
factual,19,13,0.904163,2.6522586,1.148889,0.581653
factual,19,14,1.047056,1.0813916,0.338892,0.933255
factual,19,15,0.417732,0.2003423,0.086344,0.986955
factual,19,16,0.481873,0.4889495,0.133217,0.9738
factual,19,17,0.828648,0.5590755,0.229207,0.958423
factual,19,18,1.167151,1.1974897,0.429987,0.911083
factual,19,19,1.25288,1.5802902,0.551925,0.874757
factual,19,20,1.29777,1.7232952,0.602782,0.860817
factual,19,21,0.333992,0.1373093,0.062647,0.991251
factual,19,22,0.282473,0.1165041,0.056882,0.991444
factual,19,23,0.503556,0.2624283,0.106134,0.983994
factual,20,0,1.120154,1.3607826,0.460732,0.893845
factual,20,1,1.063865,1.0628209,0.359848,0.924487
factual,20,2,1.014993,1.0639514,0.342074,0.929447
factual,20,3,1.110099,1.378167,0.70442,0.786735
factual,20,4,1.079527,1.0383096,0.396412,0.908957
factual,20,5,0.75616,0.5397174,0.188132,0.96814
factual,20,6,1.080165,1.8720548,0.745623,0.776501
factual,20,7,1.13118,1.1799841,0.444026,0.89652
factual,20,8,0.925905,1.0188103,0.301879,0.937214
factual,20,9,0.716087,0.5534054,0.223528,0.954296
factual,20,10,0.711185,0.5266048,0.179635,0.969298
factual,20,11,0.452236,0.2345068,0.093069,0.986093
factual,20,12,1.028164,1.3178718,0.62368,0.826207
factual,20,13,1.247996,1.4235972,0.706034,0.819444
factual,20,14,1.020165,1.0821117,0.349817,0.929917
factual,20,15,0.864117,0.6731666,0.229729,0.9596
factual,20,16,0.770835,0.5670163,0.205388,0.963628
factual,20,17,0.982115,0.9951221,0.498768,0.863731
factual,20,18,1.221934,1.4267519,0.556119,0.872442
factual,20,19,1.063373,2.7377002,0.994431,0.684906
factual,20,20,1.201998,1.2831287,0.443451,0.90701
factual,20,21,0.965888,1.0406151,0.669558,0.790067
factual,20,22,0.91805,1.2628387,0.540878,0.83242
factual,20,23,0.979375,1.5563601,0.463284,0.885378
factual,21,0,1.121462,1.3549306,0.456237,0.897296
factual,21,1,1.13474,1.2514315,0.569071,0.856245
factual,21,2,0.961097,2.5329356,1.11574,0.629082
factual,21,3,0.447364,0.2064596,0.124535,0.973351
factual,21,4,0.43927,0.3083222,0.102699,0.982764
factual,21,5,0.554343,0.5334372,0.156138,0.970052
factual,21,6,0.562081,0.3553349,0.155401,0.970475
factual,21,7,0.404628,0.2391027,0.087909,0.986128
factual,21,8,0.607557,0.4039647,0.144435,0.976039
factual,21,9,1.197286,2.3475883,0.758317,0.802602
factual,21,10,1.176373,1.807434,0.682553,0.809348
factual,21,11,0.880911,1.2037616,0.68737,0.780342
factual,21,12,0.463347,0.2622658,0.100765,0.984234
factual,21,13,0.384641,0.1785872,0.076303,0.98893
factual,21,14,0.845327,0.7255827,0.242159,0.954788
factual,21,15,0.558264,0.3367934,0.125041,0.980273
factual,21,16,0.809837,0.6011368,0.231413,0.956165
factual,21,17,0.425713,0.2177855,0.090325,0.986213
factual,21,18,0.848226,0.6684722,0.257534,0.950853
factual,21,19,0.600847,0.4511803,0.171324,0.966842
factual,21,20,0.946952,1.1412737,0.418832,0.89054
factual,21,21,1.13082,1.6961925,0.67427,0.817828
factual,21,22,0.682003,0.9276864,0.412666,0.862711
factual,21,23,0.916909,1.3717126,0.553406,0.8429
factual,22,0,0.487948,0.2729729,0.112739,0.98125
factual,22,1,1.041058,1.1186377,0.390558,0.916932
factual,22,2,0.689676,0.4203601,0.206137,0.959588
factual,22,3,0.478096,0.3283542,0.110635,0.981618
factual,22,4,0.324599,0.192245,0.068444,0.989267
factual,22,5,0.517459,0.3262005,0.167394,0.960523
factual,22,6,0.816057,0.9665146,0.267174,0.941523
factual,22,7,0.768911,0.9243696,0.359106,0.90423
factual,22,8,0.733353,0.7537704,0.27868,0.933171
factual,22,9,0.385276,0.1889648,0.078005,0.988406
factual,22,10,0.433902,0.2343861,0.101759,0.982856
factual,22,11,0.333657,0.1504143,0.065005,0.990644
factual,22,12,0.946714,0.834612,0.303173,0.939367
factual,22,13,1.124452,1.3311887,0.398526,0.916406
factual,22,14,1.140212,1.4828304,0.848234,0.746822
factual,22,15,0.796205,0.7647449,0.374873,0.903762
factual,22,16,0.768974,0.8003402,0.425352,0.882882
factual,22,17,0.796262,1.1243176,0.404022,0.893673
factual,22,18,0.555775,0.3151479,0.126474,0.979589
factual,22,19,0.449163,0.2605829,0.100463,0.983768
factual,22,20,0.734749,0.526344,0.18558,0.968025
factual,22,21,0.763647,0.6752625,0.346199,0.911523
factual,22,22,0.429359,0.3007067,0.102869,0.98248
factual,22,23,0.495687,0.3369943,0.139208,0.973673
factual,23,0,0.83901,0.8343855,0.818306,0.704011
factual,23,1,1.169237,1.0829307,0.447196,0.903872
factual,23,2,0.880163,1.1211376,0.849456,0.678068
factual,23,3,0.693143,0.5060011,0.202513,0.961322
factual,23,4,0.911196,0.7541847,0.294815,0.940903
factual,23,5,0.809919,0.585541,0.23377,0.95688
factual,23,6,0.773912,0.6308737,0.210998,0.962326
factual,23,7,0.864332,0.9116361,0.263746,0.946345
factual,23,8,1.279514,2.754333,0.880743,0.765964
factual,23,9,0.672203,0.498267,0.169524,0.971051
factual,23,10,1.084671,1.4649987,0.541787,0.857522
factual,23,11,0.649652,0.921312,0.217205,0.948674
factual,23,12,0.501447,0.2441735,0.113371,0.981769
factual,23,13,1.079523,1.2269999,0.484427,0.882928
factual,23,14,1.232894,2.4723401,0.820124,0.774355
factual,23,15,1.199402,2.2588916,0.723217,0.800873
factual,23,16,1.139557,2.0541644,0.842178,0.755096
factual,23,17,1.073395,2.2757778,0.921278,0.694267
factual,23,18,0.526395,0.261601,0.122845,0.979225
factual,23,19,0.55306,0.294816,0.146664,0.971657
factual,23,20,1.084732,3.1892638,0.982346,0.711703
factual,23,21,1.026423,1.0326297,0.424082,0.899433
factual,23,22,1.040826,1.00463,0.391966,0.915359
factual,23,23,1.176333,2.5250101,0.913448,0.734166
factual,24,0,0.738756,0.4904923,0.180927,0.969611
factual,24,1,1.289355,1.7828827,0.593519,0.860369
factual,24,2,0.871243,0.669778,0.227978,0.960524
factual,24,3,0.837337,0.7641866,0.271039,0.946442
factual,24,4,0.677083,0.5897899,0.196279,0.962978
factual,24,5,0.829235,0.9063272,0.371862,0.905634
factual,24,6,1.111374,1.9263338,1.012517,0.683249
factual,24,7,1.111699,1.5345415,0.568989,0.853967
factual,24,8,1.098953,2.0270262,0.894774,0.717734
factual,24,9,0.80429,1.5279195,0.549914,0.833261
factual,24,10,1.244484,3.053546,1.028619,0.717448
factual,24,11,0.965318,1.9849005,0.885261,0.686433
factual,24,12,1.090309,2.5895896,1.023922,0.696987
factual,24,13,0.709567,0.4109434,0.18354,0.967553
factual,24,14,0.622154,0.4401942,0.15022,0.974258
factual,24,15,1.083039,1.3505973,0.492831,0.884277
factual,24,16,1.073164,1.7710136,0.649771,0.821846
factual,24,17,0.960036,0.9646429,0.310988,0.939309
factual,24,18,0.876739,0.7811989,0.261892,0.949085
factual,24,19,0.462022,0.2260742,0.094902,0.985802
factual,24,20,0.500309,0.2509533,0.101596,0.985098
factual,24,21,0.978491,1.7917746,0.497904,0.872646
factual,24,22,1.066124,1.2755196,0.364436,0.925696
factual,24,23,0.887173,0.830824,0.32208,0.929673
factual,25,0,0.626514,0.5021245,0.250937,0.927314
factual,25,1,0.47929,0.2690774,0.113508,0.981174
factual,25,2,0.466283,0.2601037,0.10423,0.983325
factual,25,3,0.700744,0.6848416,0.198209,0.959406
factual,25,4,0.659549,0.3785546,0.1537,0.974904
factual,25,5,0.474633,0.3786979,0.116323,0.978636
factual,25,6,1.232558,2.4568305,0.751266,0.801608
factual,25,7,0.996506,1.7911546,0.901388,0.662429
factual,25,8,0.732988,3.3356273,1.196019,0.560732
factual,25,9,0.333478,0.1934339,0.070779,0.98889
factual,25,10,0.429059,0.2205897,0.0881,0.986761
factual,25,11,0.427142,0.2484685,0.095006,0.984652
factual,25,12,0.698792,0.4775494,0.170475,0.97116
factual,25,13,0.75876,0.6706312,0.264707,0.937015
factual,25,14,0.614291,0.3599634,0.137436,0.978411
factual,25,15,0.759838,0.5489365,0.218648,0.959601
factual,25,16,0.626641,0.4741167,0.17441,0.968057
factual,25,17,0.473113,0.2500495,0.100555,0.984773
factual,25,18,0.706872,0.7131624,0.445435,0.866653
factual,25,19,0.489635,1.0423017,0.513083,0.792157
factual,25,20,0.719759,1.6707033,0.521255,0.832379
factual,25,21,0.840954,2.274981,1.193163,0.569886
factual,25,22,0.524649,0.4020891,0.135651,0.974964
factual,25,23,0.78811,3.1136541,1.303059,0.534381
factual,26,0,1.003688,1.5964918,0.987268,0.633237
factual,26,1,1.027764,1.8015512,0.945379,0.691595
factual,26,2,0.881668,3.2567232,1.215254,0.599911
factual,26,3,1.22733,1.4038551,0.599796,0.85442
factual,26,4,1.304173,1.8461533,0.807053,0.785053
factual,26,5,0.565088,0.4541869,0.145065,0.973857
factual,26,6,1.364905,1.5453432,0.564839,0.878618
factual,26,7,0.988874,2.2300975,1.162689,0.617887
factual,26,8,1.04968,1.2270005,0.412621,0.910656
factual,26,9,1.024381,1.0488954,0.367765,0.922835
factual,26,10,1.223945,1.5836859,0.604414,0.856294
factual,26,11,1.048085,1.2223696,0.393007,0.917399
factual,26,12,0.671984,2.8313689,1.43338,0.469985
factual,26,13,0.829101,3.2599645,1.230976,0.575508
factual,26,14,0.692758,3.3748243,1.43922,0.492008
factual,26,15,1.201315,1.6516174,0.490528,0.891444
factual,26,16,1.130835,1.5818725,0.518883,0.880323
factual,26,17,1.27829,2.2182999,0.848105,0.765122
factual,26,18,1.006958,1.7884611,0.971165,0.649841
factual,26,19,0.894132,1.3353018,1.021099,0.638007
factual,26,20,0.791041,2.4199083,1.189409,0.557075
factual,26,21,0.787498,0.581211,0.207928,0.963827
factual,26,22,0.854056,0.6247011,0.254961,0.951416
factual,26,23,1.233511,1.6775081,0.714851,0.80111
factual,27,0,0.701645,1.5578775,1.138406,0.514799
factual,27,1,0.932249,1.4106139,0.548944,0.839184
factual,27,2,0.7222,1.0257075,0.803654,0.665405
factual,27,3,1.11105,2.6065688,0.81066,0.734253
factual,27,4,0.87874,0.9540066,0.699159,0.758136
factual,27,5,0.845575,2.0367239,1.189791,0.584073
factual,27,6,0.691975,1.5770366,0.664307,0.747108
factual,27,7,0.813459,0.9280226,0.642269,0.765747
factual,27,8,1.071496,1.1175603,0.461883,0.890457
factual,27,9,0.931574,2.4675677,1.218661,0.55423
factual,27,10,1.431584,1.8786602,0.769961,0.811638
factual,27,11,0.633237,0.4460704,0.298366,0.922084
factual,27,12,0.519864,0.3095205,0.127745,0.97832
factual,27,13,0.655934,0.6907243,0.290528,0.912161
factual,27,14,0.841643,0.8214456,0.261265,0.948134
factual,27,15,0.870466,0.6872072,0.256331,0.952273
factual,27,16,0.930401,0.7045938,0.279154,0.947429
factual,27,17,1.376689,1.9005517,0.592886,0.868841
factual,27,18,0.767199,1.7538385,0.733558,0.727736
factual,27,19,0.901119,1.9528768,0.991833,0.642066
factual,27,20,0.841213,0.9362286,0.902135,0.622448
factual,27,21,0.917258,2.1502433,1.180386,0.604052
factual,27,22,1.031748,1.4931409,0.439934,0.900603
factual,27,23,1.299511,2.3392303,0.83835,0.783047
code,0,0,1.092502,2.4580758,0.865954,0.723723
code,0,1,0.753279,2.0099711,0.948588,0.641526
code,0,2,0.883509,1.1118722,0.459307,0.87423
code,0,3,1.268598,1.5269125,0.659851,0.827348
code,0,4,1.23817,1.7745117,0.715412,0.794577
code,0,5,1.079816,3.2864709,1.143556,0.632809
code,0,6,1.412178,2.5849185,0.944607,0.752516
code,0,7,0.807224,3.263391,1.509757,0.445452
code,0,8,1.026487,2.0540977,1.12389,0.623314
code,0,9,0.799069,1.4167573,0.468553,0.872199
code,0,10,0.809741,0.7482064,0.272362,0.94401
code,0,11,0.908434,1.9201074,0.876652,0.705981
code,0,12,1.278233,1.4500114,0.69382,0.813987
code,0,13,1.189361,4.0036173,1.277957,0.631683
code,0,14,0.964704,4.5599499,1.510341,0.49825
code,0,15,0.377283,4.9099016,1.858897,0.319677
code,0,16,1.55198,2.3859963,0.819111,0.809087
code,0,17,1.07591,3.2908492,1.378208,0.573626
code,0,18,1.16136,3.3538132,1.296872,0.602489
code,0,19,1.257133,2.4413531,1.084766,0.676609
code,0,20,1.232272,3.6187077,1.266362,0.630031
code,0,21,0.609367,2.6483295,0.90079,0.713332
code,0,22,0.000114,5.4e-06,9e-06,0.999999
code,0,23,0.004893,0.0005566,0.000522,0.999953
code,1,0,1.247784,2.8932114,1.079764,0.661692
code,1,1,1.016921,1.0510491,0.379332,0.914368
code,1,2,1.227173,1.1050942,0.521515,0.871317
code,1,3,0.646674,0.5296999,0.180116,0.965499
code,1,4,0.796557,1.3052392,0.558339,0.808507
code,1,5,1.004383,1.7074171,0.985477,0.65777
code,1,6,1.2423,4.0026021,1.39015,0.614799
code,1,7,1.430245,1.4147614,0.471799,0.907885
code,1,8,1.360313,2.7767339,1.166997,0.661576
code,1,9,1.278159,1.0820127,0.374172,0.93177
code,1,10,0.712696,0.6148131,0.225948,0.952705
code,1,11,1.06887,0.774294,0.282036,0.951096
code,1,12,0.837208,1.0840832,0.570401,0.821496
code,1,13,1.272409,1.6640227,0.535615,0.876887
code,1,14,0.801742,0.9023729,0.40793,0.891547
code,1,15,0.50386,0.9184818,0.839317,0.615855
code,1,16,1.049994,2.5814734,0.929975,0.716821
code,1,17,0.834359,1.1614313,0.601488,0.780841
code,1,18,0.885583,0.6196953,0.444004,0.874692
code,1,19,0.871018,1.1050801,0.441964,0.877991
code,1,20,0.876997,0.9858428,0.31465,0.931071
code,1,21,0.914039,4.8328238,1.56614,0.501885
code,1,22,1.235098,1.291995,0.403307,0.91938
code,1,23,1.427897,3.0335274,1.255846,0.656344
code,2,0,1.199212,1.325793,0.457025,0.901865
code,2,1,1.097836,1.2825891,0.370524,0.922159
code,2,2,1.034792,0.8604927,0.29398,0.945501
code,2,3,1.714412,2.6084504,0.875837,0.802316
code,2,4,1.536306,1.6593747,0.541658,0.891518
code,2,5,1.449732,2.0104775,0.720278,0.826914
code,2,6,0.664572,0.4213834,0.180279,0.966336
code,2,7,0.778372,0.5981774,0.207621,0.962729
code,2,8,1.260736,1.190258,0.456053,0.902598
code,2,9,1.096124,1.2713695,0.398378,0.911499
code,2,10,1.089102,1.3925092,0.405465,0.908762
code,2,11,0.980965,1.0348003,0.36156,0.920343
code,2,12,1.089379,1.1236281,0.474795,0.8812
code,2,13,1.042865,0.7846191,0.325123,0.936051
code,2,14,1.55321,2.4296947,0.776505,0.815865
code,2,15,0.312533,0.3179885,0.20285,0.92831
code,2,16,0.224821,0.1166929,0.095878,0.970493
code,2,17,0.404175,0.3399831,0.204521,0.928023
code,2,18,1.582297,2.0778663,0.722489,0.832512
code,2,19,0.649677,0.7820629,0.379313,0.872528
code,2,20,0.887832,0.8461226,0.43394,0.857735
code,2,21,1.294277,1.8266258,0.7252,0.81103
code,2,22,1.055532,1.3257246,0.578417,0.822802
code,2,23,1.143128,0.9997103,0.383634,0.921637
code,3,0,1.466329,2.3728609,0.859542,0.780198
code,3,1,0.872217,0.5837234,0.228736,0.960012
code,3,2,1.287736,1.7060062,0.487711,0.895442
code,3,3,0.505696,0.3334342,0.118232,0.980287
code,3,4,1.159147,1.1346982,0.388265,0.920849
code,3,5,0.684738,0.5777681,0.18222,0.967209
code,3,6,1.380273,2.117969,0.888982,0.757886
code,3,7,1.125048,1.2323279,0.459231,0.894337
code,3,8,1.06698,1.0939984,0.406949,0.90769
code,3,9,1.00519,1.2947896,0.656423,0.808121
code,3,10,0.666959,0.4282926,0.157159,0.973989
code,3,11,1.089404,1.0599235,0.585091,0.80861
code,3,12,0.757834,1.2237849,0.623045,0.775146
code,3,13,0.848655,1.4213972,0.4352,0.883716
code,3,14,1.153599,1.3966587,0.719198,0.791741
code,3,15,1.473107,1.3845222,0.499284,0.902278
code,3,16,1.447488,1.409766,0.507438,0.899401
code,3,17,1.488189,1.683599,0.701257,0.830408
code,3,18,1.007614,0.8787924,0.353091,0.923424
code,3,19,1.027889,1.6449798,0.595739,0.818741
code,3,20,1.351171,1.8703496,0.688966,0.83327
code,3,21,1.552828,2.9428935,0.965463,0.750502
code,3,22,1.577283,2.7432611,1.013008,0.750309
code,3,23,1.393586,2.3301609,0.927171,0.743101
code,4,0,1.463789,1.5201325,0.484011,0.906173
code,4,1,1.371226,1.5563864,0.535249,0.884586
code,4,2,1.200206,1.1819407,0.573907,0.853445
code,4,3,1.367077,2.2019238,0.819516,0.786426
code,4,4,1.357026,2.3505869,1.042354,0.699634
code,4,5,1.403435,2.0716364,0.771188,0.798775
code,4,6,1.480526,2.1541753,0.642331,0.856723
code,4,7,1.508469,1.6451856,0.570962,0.881647
code,4,8,1.241448,2.1601768,0.918235,0.709475
code,4,9,0.729522,0.9221373,0.656451,0.769905
code,4,10,1.400842,2.3469479,0.835312,0.785516
code,4,11,0.859604,1.3522457,0.571495,0.815548
code,4,12,1.430392,2.3091021,0.911044,0.759052
code,4,13,1.20816,1.7897711,0.784398,0.774144
code,4,14,0.564964,0.7645907,0.511268,0.792892
code,4,15,1.599942,2.6723514,0.81705,0.810205
code,4,16,1.123481,1.014467,0.332488,0.938189
code,4,17,0.712784,0.4815774,0.177693,0.969182
code,4,18,1.360528,2.3906446,0.770629,0.796716
code,4,19,1.39286,2.202167,0.863042,0.772368
code,4,20,1.380154,2.2238688,0.974986,0.719521
code,4,21,0.852669,0.7600042,0.283988,0.942225
code,4,22,1.251569,2.111213,0.894288,0.744867
code,4,23,0.980386,0.669585,0.274556,0.949854
code,5,0,1.261854,1.3665814,0.527134,0.880031
code,5,1,1.114213,1.0591722,0.352949,0.930592
code,5,2,1.251655,1.9415607,0.816543,0.755636
code,5,3,1.253512,2.2433319,0.990187,0.701855
code,5,4,1.425978,1.7534106,0.62051,0.86289
code,5,5,1.409606,2.5856609,0.804904,0.796887
code,5,6,0.573196,0.7236474,0.290961,0.907824
code,5,7,0.171594,0.0977241,0.037125,0.993906
code,5,8,0.927274,0.9486199,0.513561,0.861794
code,5,9,1.154618,1.9600744,0.882411,0.721964
code,5,10,1.150571,1.6561682,0.664672,0.816982
code,5,11,1.379558,2.111896,0.734435,0.816104
code,5,12,1.147169,3.8893862,1.367035,0.575591
code,5,13,1.443342,2.4828115,0.839525,0.793468
code,5,14,1.259085,3.0132246,1.104209,0.653846
code,5,15,1.228842,1.4387531,0.451861,0.902437
code,5,16,1.464579,1.7246528,0.551471,0.883841
code,5,17,1.262073,1.5250587,0.549854,0.872722
code,5,18,1.539109,2.2404552,0.812818,0.801647
code,5,19,1.665611,2.8177519,0.897819,0.789452
code,5,20,1.593395,1.9696254,0.683849,0.850999
code,5,21,1.53315,2.965064,0.926316,0.767305
code,5,22,1.165231,1.7007387,0.715471,0.782994
code,5,23,1.27036,1.8385808,0.805847,0.770284
code,6,0,1.21316,2.7517197,1.088841,0.685961
code,6,1,1.229934,1.6411985,0.574028,0.86006
code,6,2,1.385898,2.220922,0.892678,0.753215
code,6,3,1.245364,3.1695178,1.253849,0.603931
code,6,4,1.120636,2.9113135,1.306012,0.573104
code,6,5,1.350509,2.5458536,0.965874,0.730349
code,6,6,1.04628,1.0578597,0.595538,0.832522
code,6,7,0.981909,1.3264501,0.656184,0.791751
code,6,8,1.16653,1.92081,0.667964,0.814726
code,6,9,1.282211,2.966495,1.245975,0.626466
code,6,10,1.504248,3.250895,1.138146,0.70979
code,6,11,1.383223,2.8278365,1.050485,0.708971
code,6,12,1.069723,2.2391269,0.965155,0.68866
code,6,13,1.404332,2.9124804,0.972807,0.722121
code,6,14,1.13824,2.6907701,1.144336,0.631677
code,6,15,1.533207,3.1637955,1.09365,0.714724
code,6,16,1.331098,3.1891642,1.270987,0.635124
code,6,17,1.30398,3.0587995,1.132905,0.663989
code,6,18,1.35674,1.6425242,0.556304,0.875689
code,6,19,1.073113,1.150193,0.47052,0.88384
code,6,20,1.498066,2.4758711,0.927599,0.758116
code,6,21,1.079557,1.197814,0.399992,0.915312
code,6,22,1.005457,2.2451849,0.972709,0.691618
code,6,23,1.359518,1.8668332,0.796986,0.794329
code,7,0,0.812216,2.0874586,1.209589,0.547145
code,7,1,0.938909,1.920351,1.138331,0.597165
code,7,2,1.355062,2.5426376,0.832627,0.784418
code,7,3,1.65767,3.6284316,0.988305,0.765561
code,7,4,1.605002,2.4962459,0.924248,0.778061
code,7,5,1.379875,2.515547,1.166781,0.669521
code,7,6,0.952301,3.7095761,1.481805,0.522955
code,7,7,1.143532,3.4266629,1.277313,0.608541
code,7,8,1.083493,2.7755489,1.249527,0.611099
code,7,9,1.130439,3.066853,1.286662,0.583383
code,7,10,1.413095,2.3825257,0.985855,0.733115
code,7,11,0.955461,3.3970866,1.426868,0.553789
code,7,12,1.554068,2.4968491,0.961401,0.764351
code,7,13,1.339411,2.833225,0.939808,0.720996
code,7,14,1.451947,2.8993332,1.15087,0.688744
code,7,15,1.461735,3.2718015,1.280439,0.665658
code,7,16,1.223411,3.4557819,1.399091,0.585547
code,7,17,1.495852,2.0392537,0.678928,0.85001
code,7,18,1.18949,2.8623209,1.019214,0.697847
code,7,19,1.240589,2.9250617,1.021333,0.696815
code,7,20,1.156501,1.6242908,0.888718,0.730603
code,7,21,1.159502,3.8822985,1.276623,0.59226
code,7,22,1.159984,2.9042845,1.213609,0.62583
code,7,23,1.277905,3.1045415,1.12607,0.674697
code,8,0,1.393713,2.2608211,0.978184,0.72248
code,8,1,1.239968,3.3695469,1.258276,0.639538
code,8,2,0.990215,0.9635424,0.47917,0.86592
code,8,3,1.249188,3.1318393,1.345533,0.60184
code,8,4,1.492034,2.1818929,0.87988,0.766516
code,8,5,1.418788,3.4979897,1.202571,0.670856
code,8,6,1.341012,2.2105668,0.792731,0.788727
code,8,7,1.698543,2.5489302,0.823142,0.817259
code,8,8,0.968929,1.8314338,0.686794,0.779354
code,8,9,0.847774,3.3387282,1.440642,0.47895
code,8,10,1.15558,2.7259543,1.019442,0.682091
code,8,11,1.321323,2.8705127,1.131068,0.674201
code,8,12,1.192798,2.7767563,1.243183,0.582331
code,8,13,1.379982,4.0020862,1.340832,0.637745
code,8,14,1.171508,3.1271365,1.268051,0.619007
code,8,15,1.251427,2.4430373,1.135328,0.663627
code,8,16,1.075672,3.9192185,1.448915,0.552004
code,8,17,0.992668,2.1105921,1.205035,0.516557
code,8,18,0.822789,2.893883,1.331937,0.526183
code,8,19,1.002054,4.2021117,1.430235,0.564369
code,8,20,1.253471,3.0724955,1.224204,0.643686
code,8,21,1.259266,3.5648458,1.27156,0.637914
code,8,22,0.793916,4.3900523,1.515462,0.480586
code,8,23,1.037273,3.6338389,1.453353,0.566691
code,9,0,0.906562,4.0635381,1.558668,0.503911
code,9,1,0.701332,3.6063738,1.527969,0.441125
code,9,2,0.755702,5.3692017,1.568991,0.478294
code,9,3,1.438223,2.0156522,0.97443,0.722456
code,9,4,1.61498,2.8918746,0.990791,0.754993
code,9,5,1.515064,1.5640484,0.563906,0.88214
code,9,6,1.178531,2.7788234,1.278008,0.584414
code,9,7,1.040347,3.7893913,1.392487,0.545851
code,9,8,0.825465,2.9932752,1.301665,0.506878
code,9,9,1.399713,2.8391814,1.159209,0.682853
code,9,10,1.132289,2.903394,1.229163,0.624962
code,9,11,1.379202,3.0885701,1.096578,0.699507
code,9,12,1.335176,3.1967978,1.093993,0.684174
code,9,13,1.275777,3.3546629,1.257293,0.616576
code,9,14,0.772765,3.7982619,1.566358,0.45834
code,9,15,1.484383,3.1587262,1.088797,0.720855
code,9,16,1.269816,4.4338455,1.281732,0.642498
code,9,17,1.405666,3.3960488,1.23472,0.666208
code,9,18,1.195381,3.6818786,1.292186,0.62365
code,9,19,1.049631,1.0593851,0.35612,0.926794
code,9,20,1.336897,1.5648431,0.771518,0.789818
code,9,21,1.220871,3.617254,1.306371,0.615776
code,9,22,1.491703,3.4493415,1.14847,0.700377
code,9,23,1.339871,2.6093314,0.965741,0.731421
code,10,0,1.451361,2.9011393,1.020544,0.728585
code,10,1,1.307688,4.0780215,1.269226,0.635609
code,10,2,1.495238,3.5448656,1.15968,0.692673
code,10,3,1.381865,2.6845572,0.888019,0.765465
code,10,4,1.073193,2.4334059,0.987914,0.685421
code,10,5,1.294396,2.6855485,1.081005,0.697371
code,10,6,1.343676,2.7941406,1.168055,0.671327
code,10,7,1.20627,3.6823092,1.333942,0.584821
code,10,8,1.387537,3.5834491,1.257191,0.669798
code,10,9,1.348365,2.8021884,1.233997,0.661405
code,10,10,1.192277,3.4179845,1.350279,0.600034
code,10,11,1.242493,1.9682255,0.982341,0.706553
code,10,12,0.97855,1.6377645,1.233289,0.572146
code,10,13,0.820047,3.8440285,1.555754,0.467514
code,10,14,1.303677,2.9248471,1.266372,0.632437
code,10,15,1.628664,3.1746993,1.041769,0.746889
code,10,16,1.287906,2.6697469,1.217185,0.64297
code,10,17,1.252753,3.8090839,1.407249,0.596014
code,10,18,0.999669,4.2765179,1.501757,0.532328
code,10,19,0.821089,4.8842025,1.617502,0.455479
code,10,20,0.931726,3.6012604,1.499478,0.529877
code,10,21,0.940331,0.8013126,0.261226,0.952177
code,10,22,1.429265,1.6910855,0.566337,0.877852
code,10,23,1.346982,1.8504099,0.63911,0.85078
code,11,0,1.285396,3.8357735,1.323733,0.621742
code,11,1,1.608084,2.9821162,1.101248,0.72373
code,11,2,1.279062,4.1813426,1.378355,0.621895
code,11,3,1.45645,2.538681,0.975313,0.731911
code,11,4,1.333645,2.6994786,1.182337,0.658706
code,11,5,1.369536,3.3751378,1.057569,0.700689
code,11,6,1.44611,3.674418,1.25243,0.674918
code,11,7,1.38205,3.3596134,1.196991,0.667946
code,11,8,1.306956,3.7512026,1.279576,0.629816
code,11,9,1.395866,2.9942861,1.07989,0.701308
code,11,10,1.08759,3.6774921,1.445544,0.544845
code,11,11,1.022037,4.7896972,1.534556,0.540634
code,11,12,1.338143,2.6266129,1.113622,0.68627
code,11,13,1.192171,2.7511101,0.998701,0.694976
code,11,14,1.087327,1.4611899,0.761925,0.770632
code,11,15,1.200372,2.2672446,1.220184,0.598511
code,11,16,1.080111,3.2856967,1.408964,0.561726
code,11,17,1.267967,2.1923118,0.923491,0.724875
code,11,18,1.322479,3.0807576,1.194943,0.655487
code,11,19,1.346856,3.2469091,1.181908,0.672968
code,11,20,1.468355,3.5426071,1.132553,0.696771
code,11,21,1.296661,2.722553,1.124307,0.680493
code,11,22,1.076142,3.6801896,1.366593,0.55241
code,11,23,1.124587,3.3479793,1.394382,0.571723
code,12,0,1.364337,3.2147472,1.186761,0.669179
code,12,1,1.185559,2.3700428,1.056864,0.664809
code,12,2,0.900661,3.8535628,1.52531,0.480958
code,12,3,1.427336,1.7690411,0.638626,0.852831
code,12,4,1.589013,2.5151048,0.798268,0.813588
code,12,5,1.442305,3.1572287,1.020447,0.726507
code,12,6,1.217901,2.9604485,1.201933,0.639782
code,12,7,0.934898,3.5160031,1.451869,0.517793
code,12,8,1.135548,3.7057903,1.373421,0.594603
code,12,9,1.055619,2.635699,1.286955,0.575306
code,12,10,0.94287,3.3892562,1.459455,0.506454
code,12,11,1.309869,2.9076076,1.124011,0.662599
code,12,12,1.071791,3.6136889,1.448652,0.550604
code,12,13,1.527069,3.0181482,1.049195,0.735263
code,12,14,1.261062,3.9011142,1.350788,0.623191
code,12,15,1.013294,3.1841755,1.247123,0.572816
code,12,16,1.096025,1.8441232,1.003954,0.654958
code,12,17,1.182435,2.8941059,1.178199,0.63415
code,12,18,1.319508,3.0491214,1.051914,0.705662
code,12,19,1.120201,1.0708256,0.357565,0.930216
code,12,20,1.121463,1.1993543,0.424541,0.907734
code,12,21,0.974496,1.6323881,1.113348,0.52147
code,12,22,1.145569,2.7752552,1.279181,0.610057
code,12,23,0.935555,4.0167542,1.583168,0.505345
code,13,0,1.32162,3.0019321,1.164626,0.664611
code,13,1,1.110333,2.7489944,1.230515,0.614569
code,13,2,1.237505,2.7775817,1.320813,0.606802
code,13,3,1.431089,2.8014107,0.945696,0.755626
code,13,4,1.331839,2.8500433,1.187874,0.669111
code,13,5,1.525809,3.2396936,1.147879,0.702785
code,13,6,0.576095,0.9636778,1.096575,0.529557
code,13,7,1.252495,3.4260211,1.32371,0.59479
code,13,8,0.940611,3.0662227,1.462939,0.497982
code,13,9,0.727787,2.9658456,1.470802,0.463593
code,13,10,1.058113,3.5534694,1.420941,0.541718
code,13,11,0.887707,3.6359851,1.476151,0.511131
code,13,12,1.238628,2.4602876,1.022282,0.677558
code,13,13,1.108068,1.5710686,0.483292,0.882532
code,13,14,0.662088,1.3668237,0.754839,0.695986
code,13,15,1.339035,3.7365184,1.284973,0.637957
code,13,16,1.436403,2.1183896,0.81632,0.792638
code,13,17,1.175366,2.8958726,1.310831,0.597536
code,13,18,1.178369,3.0739112,1.287138,0.603529
code,13,19,1.207481,3.685796,1.380416,0.600029
code,13,20,1.241224,3.0629141,1.261902,0.619814
code,13,21,1.103359,3.8672378,1.231181,0.610383
code,13,22,1.564619,2.3184867,0.859961,0.789076
code,13,23,1.494997,3.0301239,0.880604,0.766127
code,14,0,0.888452,3.3118067,1.298057,0.531638
code,14,1,0.504887,0.3496025,0.137487,0.974248
code,14,2,0.616788,0.5417938,0.186271,0.961911
code,14,3,0.843326,2.9283543,1.463269,0.475427
code,14,4,0.872569,3.1699777,1.477668,0.442353
code,14,5,0.688501,3.5355954,1.628193,0.401004
code,14,6,0.885648,3.0282307,1.44276,0.49098
code,14,7,0.903324,4.8725753,1.606441,0.499115
code,14,8,0.867448,4.0294008,1.580897,0.462617
code,14,9,1.413938,1.6725724,0.707985,0.815255
code,14,10,1.43996,2.4573979,0.909656,0.757365
code,14,11,1.288272,2.538393,1.066402,0.663353
code,14,12,1.470863,1.9009144,0.717278,0.825846
code,14,13,1.668106,2.7427118,0.882081,0.793075
code,14,14,1.596092,1.8297448,0.626292,0.869541
code,14,15,1.05633,2.7603281,1.413079,0.548789
code,14,16,1.064334,3.6504536,1.356253,0.571165
code,14,17,0.888225,2.6097107,1.386884,0.511755
code,14,18,1.016985,3.5468893,1.434157,0.470759
code,14,19,0.963593,3.150743,1.4332,0.511402
code,14,20,0.933282,4.9082069,1.518294,0.514049
code,14,21,1.18206,2.7390208,0.90962,0.745358
code,14,22,0.670139,0.9249399,0.313913,0.916597
code,14,23,1.180275,2.0154862,0.932996,0.707168
code,15,0,1.324239,1.4953017,0.50194,0.8935
code,15,1,1.509681,2.3642397,0.846845,0.782155
code,15,2,1.402913,1.8925154,0.633945,0.850891
code,15,3,1.02525,2.071367,1.132753,0.601135
code,15,4,1.194228,1.7578273,1.041061,0.672907
code,15,5,0.902619,2.7957692,1.445827,0.5088
code,15,6,1.395306,2.546659,0.973578,0.747289
code,15,7,1.334875,1.7303634,0.737721,0.79852
code,15,8,1.391847,2.1529377,0.950961,0.739082
code,15,9,1.052483,3.291491,1.399641,0.552482
code,15,10,1.134009,3.742691,1.458902,0.552611
code,15,11,1.380133,4.0709753,1.29952,0.633672
code,15,12,1.328411,1.5299802,0.536404,0.884873
code,15,13,1.191202,1.4346318,0.508369,0.884818
code,15,14,1.080776,2.7667122,1.046676,0.670282
code,15,15,1.189322,2.2878263,0.984734,0.68617
code,15,16,1.155283,3.0391364,1.167101,0.635616
code,15,17,1.229497,2.9464591,1.242787,0.631672
code,15,18,1.287341,2.8956101,0.992095,0.705985
code,15,19,1.399859,2.4087234,0.767919,0.809716
code,15,20,1.531206,2.9903564,0.976795,0.754352
code,15,21,1.158567,2.9689367,1.192968,0.617077
code,15,22,1.172984,2.2828407,0.976749,0.699637
code,15,23,1.282804,3.1597252,1.143779,0.67674
code,16,0,1.274938,1.2025669,0.418735,0.916755
code,16,1,1.415093,2.9431605,1.129256,0.688843
code,16,2,1.151035,0.8814187,0.3627,0.928892
code,16,3,1.000898,0.7975344,0.295476,0.943898
code,16,4,1.102343,1.0830039,0.627619,0.821439
code,16,5,1.346289,1.2196112,0.440764,0.913076
code,16,6,1.144108,2.4252388,1.100748,0.634025
code,16,7,1.153153,3.4383576,1.21829,0.609985
code,16,8,1.607101,2.5086033,0.976981,0.76012
code,16,9,0.774061,0.5116374,0.212146,0.959398
code,16,10,0.928885,0.820271,0.294762,0.940325
code,16,11,1.132213,3.2134113,1.390373,0.568057
code,16,12,1.41731,2.017072,0.645683,0.849793
code,16,13,1.312407,1.2337121,0.434704,0.914118
code,16,14,1.53282,2.1429985,0.779835,0.817449
code,16,15,1.475699,2.4187138,0.920196,0.771009
code,16,16,1.289538,3.903409,1.192206,0.675765
code,16,17,1.124232,3.8267999,1.278505,0.612614
code,16,18,1.344659,2.3334994,1.101072,0.682775
code,16,19,1.290706,1.7460971,0.986938,0.70067
code,16,20,1.571349,2.2881634,0.84973,0.788953
code,16,21,1.402633,2.4546871,1.023774,0.716501
code,16,22,1.203034,2.016732,0.837236,0.752969
code,16,23,1.436685,1.7703972,0.667565,0.84505
code,17,0,1.379511,1.8616147,0.778039,0.799241
code,17,1,1.421168,2.9361854,0.947921,0.758895
code,17,2,1.311416,2.4150915,1.040941,0.70256
code,17,3,1.054423,2.020442,0.603657,0.833963
code,17,4,1.182419,1.2850604,0.443476,0.905359
code,17,5,1.130913,1.3552252,0.773335,0.772069
code,17,6,1.115601,2.9331222,1.187708,0.609185
code,17,7,1.131752,1.8092308,0.733372,0.779064
code,17,8,1.21672,2.2395949,1.124802,0.631276
code,17,9,0.938927,0.8837893,0.398357,0.893944
code,17,10,1.38845,1.5439527,0.570552,0.876994
code,17,11,0.871886,0.8673794,0.27712,0.944408
code,17,12,1.549975,2.1768277,0.76798,0.822183
code,17,13,0.644149,0.372577,0.143603,0.977333
code,17,14,1.342035,1.2553327,0.466471,0.898314
code,17,15,1.237526,3.3758626,1.249599,0.647398
code,17,16,1.160883,0.9918297,0.378243,0.923673
code,17,17,1.209236,3.7262509,1.313391,0.607216
code,17,18,1.379144,1.2796006,0.488502,0.89937
code,17,19,1.0768,0.9020342,0.431938,0.894966
code,17,20,0.820482,0.655115,0.635563,0.738087
code,17,21,1.275097,1.9301336,0.775007,0.771289
code,17,22,1.477529,1.8805885,0.601184,0.867599
code,17,23,1.13354,1.2617182,0.463978,0.895116
code,18,0,1.33724,2.2622509,0.861403,0.75176
code,18,1,1.310147,1.614262,0.512124,0.886463
code,18,2,1.12706,1.1243622,0.351751,0.931286
code,18,3,0.965479,0.9626631,0.679713,0.753569
code,18,4,0.994509,1.2426108,0.672831,0.7695
code,18,5,1.008096,1.0675917,0.371425,0.918318
code,18,6,1.216932,1.4282367,0.76309,0.774447
code,18,7,1.424488,2.4804826,0.80881,0.782359
code,18,8,1.482555,2.4157391,0.831803,0.781219
code,18,9,1.398185,3.3274164,1.213746,0.679606
code,18,10,1.229185,2.1751156,0.823581,0.771142
code,18,11,1.314667,2.4119959,0.920635,0.741794
code,18,12,1.203708,1.7343578,0.541942,0.878057
code,18,13,1.23482,1.1065794,0.40562,0.917589
code,18,14,1.254225,1.3131284,0.460089,0.899564
code,18,15,0.702526,0.6034473,0.192072,0.964214
code,18,16,1.246275,1.8701047,0.805927,0.781954
code,18,17,1.261394,2.3861475,0.825088,0.762879
code,18,18,0.867915,0.8314019,0.258931,0.950684
code,18,19,1.236762,1.7730306,0.64836,0.82972
code,18,20,1.41661,2.1710453,0.947857,0.74608
code,18,21,1.130565,1.9982831,0.681385,0.79643
code,18,22,0.94281,0.7059122,0.250636,0.955942
code,18,23,1.385037,1.861999,0.730309,0.807763
code,19,0,1.407282,1.6554325,0.703816,0.828744
code,19,1,0.921349,2.3914633,1.165855,0.547912
code,19,2,1.188787,2.4603672,1.061436,0.661547
code,19,3,0.974111,1.2164857,0.636408,0.811079
code,19,4,1.102834,1.9428535,0.792754,0.761435
code,19,5,0.977873,1.5244718,0.748182,0.750888
code,19,6,0.995752,1.6481452,0.765549,0.747164
code,19,7,0.818298,1.250246,1.109154,0.553657
code,19,8,1.379782,2.7525928,0.891709,0.75671
code,19,9,1.473316,2.0844071,0.900019,0.755455
code,19,10,0.954744,0.8693132,0.268785,0.949704
code,19,11,1.153956,1.0076962,0.381668,0.921241
code,19,12,1.217276,2.9454246,1.083462,0.660968
code,19,13,1.399686,1.3318331,0.481954,0.901418
code,19,14,0.958798,3.0655875,1.459143,0.543545
code,19,15,1.199818,1.3701967,0.48067,0.893291
code,19,16,1.018654,0.9485263,0.521352,0.844349
code,19,17,1.392253,1.8931495,0.624239,0.845994
code,19,18,1.448322,1.7528454,0.599267,0.866186
code,19,19,1.382849,1.6807604,0.637198,0.848227
code,19,20,1.413617,1.5122981,0.539082,0.881608
code,19,21,0.971322,0.941981,0.31254,0.936367
code,19,22,0.979991,0.703614,0.282707,0.94811
code,19,23,1.157645,1.27897,0.582345,0.832292
code,20,0,1.329959,1.2112794,0.436803,0.915267
code,20,1,1.324669,1.2064283,0.42714,0.91748
code,20,2,1.048302,0.9722413,0.303745,0.941282
code,20,3,0.995669,0.7383033,0.257727,0.955988
code,20,4,0.854278,0.5852052,0.217998,0.962552
code,20,5,1.346785,1.385432,0.46826,0.906105
code,20,6,0.908191,0.6688061,0.229398,0.959607
code,20,7,1.377737,1.5463963,0.545719,0.878533
code,20,8,1.209112,1.4078032,0.492769,0.891255
code,20,9,1.185451,1.0007377,0.406199,0.917689
code,20,10,1.114745,0.9545674,0.385323,0.920532
code,20,11,1.191583,1.5679777,0.582615,0.849508
code,20,12,0.936465,1.0354761,0.527842,0.837739
code,20,13,1.010812,0.7568048,0.282393,0.9483
code,20,14,0.993909,0.8737259,0.28247,0.948117
code,20,15,1.186078,1.2600113,0.444474,0.901696
code,20,16,1.185995,1.0943837,0.446978,0.89976
code,20,17,1.116048,1.0338709,0.354561,0.931046
code,20,18,1.518201,1.6206037,0.54064,0.891799
code,20,19,1.335673,1.3756423,0.551794,0.871387
code,20,20,1.50146,1.6675305,0.615386,0.866687
code,20,21,0.965554,0.9148296,0.568389,0.829577
code,20,22,0.957918,1.2770703,0.5747,0.826164
code,20,23,0.891214,0.973294,0.535705,0.838684
code,21,0,1.201393,1.0537033,0.364906,0.931149
code,21,1,1.260902,1.2991052,0.487128,0.892895
code,21,2,1.462034,1.3806207,0.531874,0.889343
code,21,3,0.831559,0.6505848,0.230646,0.95701
code,21,4,0.589066,0.4478208,0.163601,0.968022
code,21,5,0.849008,0.8061315,0.301204,0.937228
code,21,6,1.028423,1.0721151,0.421761,0.894554
code,21,7,0.968067,0.9375672,0.328998,0.930663
code,21,8,0.938688,0.7070053,0.282264,0.945413
code,21,9,1.134302,2.3753142,1.188952,0.611697
code,21,10,1.190922,2.6122308,1.083967,0.649612
code,21,11,1.089441,2.2628922,1.005802,0.670421
code,21,12,0.899418,0.7025433,0.24558,0.956149
code,21,13,0.90832,0.6263241,0.256788,0.95277
code,21,14,1.326101,1.5249627,0.517565,0.891652
code,21,15,1.028159,1.0623994,0.330541,0.93489
code,21,16,1.08203,0.8864753,0.399951,0.909508
code,21,17,0.7866,0.5858511,0.247556,0.945437
code,21,18,1.026219,1.4939767,0.587299,0.813351
code,21,19,0.994652,1.1662285,0.369825,0.915202
code,21,20,1.110356,1.5537982,0.613449,0.820989
code,21,21,1.071675,2.1174312,0.994913,0.659266
code,21,22,1.072157,1.3073902,0.563387,0.848242
code,21,23,1.032296,1.9324949,0.773404,0.741986
code,22,0,1.074244,1.1979208,0.415581,0.905977
code,22,1,1.319083,1.725642,0.71534,0.808238
code,22,2,1.103608,1.4787272,0.598568,0.833771
code,22,3,0.673916,0.4086781,0.16607,0.971395
code,22,4,0.573112,0.3561648,0.129416,0.979039
code,22,5,0.839246,0.8040016,0.321575,0.923582
code,22,6,1.155453,1.5751806,0.509015,0.885346
code,22,7,1.191778,1.6683269,0.617697,0.842979
code,22,8,1.199211,2.4384384,1.124751,0.662251
code,22,9,0.688504,0.4274186,0.158096,0.974761
code,22,10,0.642481,0.4837253,0.170596,0.968596
code,22,11,0.75108,0.4687992,0.195047,0.965309
code,22,12,1.357416,1.6305059,0.711218,0.815057
code,22,13,1.297936,1.6872816,0.539792,0.876691
code,22,14,1.262257,2.6542127,1.046875,0.688319
code,22,15,0.743798,0.679629,0.568572,0.795513
code,22,16,0.64852,1.1629732,0.679096,0.736419
code,22,17,0.723476,1.4193248,0.619241,0.788794
code,22,18,0.865115,0.6888131,0.224771,0.960644
code,22,19,1.151235,0.9104671,0.315889,0.944219
code,22,20,1.244715,1.3270365,0.479941,0.889747
code,22,21,0.926709,0.950163,0.396456,0.903645
code,22,22,0.813446,0.7285218,0.38233,0.892216
code,22,23,0.84522,0.8905356,0.40022,0.885587
code,23,0,0.877027,1.1770835,1.062377,0.568572
code,23,1,1.483299,2.3807333,0.89522,0.776001
code,23,2,0.714772,1.4883436,0.994927,0.540234
code,23,3,1.364489,1.5509399,0.653997,0.84158
code,23,4,1.291037,1.6425476,0.645764,0.828187
code,23,5,1.16017,1.1307521,0.470313,0.883589
code,23,6,1.371732,1.4727384,0.475838,0.90424
code,23,7,1.278165,1.458416,0.496834,0.889475
code,23,8,1.499328,2.6843958,0.887704,0.778722
code,23,9,1.085438,0.9701756,0.345353,0.930978
code,23,10,1.185481,1.6606355,0.705544,0.802291
code,23,11,0.889666,0.7274171,0.23608,0.958341
code,23,12,1.148295,1.50202,0.453202,0.894697
code,23,13,0.946542,1.5652888,0.763109,0.73379
code,23,14,1.129089,2.3928928,1.026889,0.676041
code,23,15,1.400961,3.0295317,0.879085,0.76676
code,23,16,1.330225,2.0093305,0.794781,0.783359
code,23,17,1.055578,2.8165188,1.238304,0.585658
code,23,18,0.661681,0.3591239,0.149477,0.975876
code,23,19,0.703233,0.4218711,0.162753,0.973586
code,23,20,1.274412,2.824419,1.138335,0.653898
code,23,21,1.160724,0.9897559,0.350428,0.934203
code,23,22,0.871186,0.6830201,0.22571,0.960994
code,23,23,1.244841,3.1236851,1.08389,0.684398
code,24,0,1.004354,0.817706,0.295051,0.943146
code,24,1,1.277119,1.3687202,0.417155,0.916024
code,24,2,1.169772,0.9924383,0.393069,0.918814
code,24,3,1.059485,1.1740248,0.409413,0.90555
code,24,4,1.051017,1.1478817,0.425377,0.903575
code,24,5,1.063454,1.6407057,0.742509,0.782609
code,24,6,1.237131,2.7677858,1.080698,0.672901
code,24,7,0.981812,1.6943107,0.708465,0.774788
code,24,8,1.27131,2.2119827,0.931411,0.709184
code,24,9,1.391802,2.7599924,0.90779,0.75482
code,24,10,1.181535,3.687578,1.367242,0.604324
code,24,11,1.211602,1.8597908,1.034537,0.652268
code,24,12,0.967997,3.4212465,1.275018,0.554294
code,24,13,1.110651,0.9495281,0.330913,0.936694
code,24,14,1.056699,0.8624883,0.298974,0.944928
code,24,15,1.111607,1.5752158,0.534972,0.854405
code,24,16,1.558916,2.3817711,0.801728,0.810953
code,24,17,1.192058,1.2073985,0.450828,0.903308
code,24,18,1.1432,0.8546548,0.342531,0.934733
code,24,19,0.853911,0.6185825,0.221719,0.959466
code,24,20,1.17884,0.984004,0.382184,0.923322
code,24,21,0.661839,1.5498586,0.797206,0.659612
code,24,22,1.182786,1.8290291,0.989054,0.685086
code,24,23,1.093263,1.346087,0.559652,0.847113
code,25,0,0.827656,0.6130852,0.216934,0.961135
code,25,1,0.898486,0.599729,0.240741,0.956901
code,25,2,0.825407,0.7687957,0.297371,0.92701
code,25,3,0.843795,0.4855113,0.216888,0.962334
code,25,4,0.826604,0.55372,0.19682,0.96764
code,25,5,0.961863,0.9195751,0.310289,0.934881
code,25,6,0.987527,2.7670708,1.219832,0.570191
code,25,7,0.97968,2.3980088,1.073616,0.569692
code,25,8,0.988158,2.6986709,1.299226,0.557699
code,25,9,0.730806,0.5487229,0.188989,0.966167
code,25,10,0.793311,0.5374067,0.189931,0.968351
code,25,11,0.667166,0.6214017,0.188894,0.961562
code,25,12,1.228503,1.0897725,0.417997,0.91369
code,25,13,1.112703,1.0741029,0.360761,0.929244
code,25,14,1.1608,0.9943783,0.3447,0.935199
code,25,15,1.193798,2.0364618,0.657251,0.833857
code,25,16,1.229793,1.7158803,0.618189,0.84642
code,25,17,1.241218,1.6120877,0.650037,0.834918
code,25,18,0.42098,0.462189,0.63118,0.701569
code,25,19,0.388894,0.522455,0.691905,0.668764
code,25,20,0.716141,0.6555248,0.572914,0.798122
code,25,21,1.456961,1.5595317,0.550506,0.883695
code,25,22,1.449514,3.0673676,1.084652,0.7032
code,25,23,0.783804,3.4062757,1.549196,0.447794
code,26,0,1.216197,2.8098941,1.105798,0.638025
code,26,1,0.828915,2.6234968,1.337426,0.493727
code,26,2,1.116822,2.6387701,1.227731,0.599259
code,26,3,1.292733,2.262953,0.891548,0.733782
code,26,4,1.401921,2.2646222,0.718635,0.806693
code,26,5,1.148157,1.2196493,0.502952,0.862347
code,26,6,1.336545,2.7001553,1.125763,0.663236
code,26,7,0.827943,2.8864789,1.393347,0.514426
code,26,8,1.335511,1.7445731,0.787489,0.789588
code,26,9,1.347351,1.4003197,0.554068,0.87511
code,26,10,1.389848,1.6526773,0.604138,0.86255
code,26,11,1.444622,2.2518094,0.82392,0.796719
code,26,12,1.067703,3.1471448,1.312188,0.589188
code,26,13,0.972733,1.7394898,1.002316,0.653193
code,26,14,0.53592,5.1786408,1.784787,0.382343
code,26,15,1.352179,1.5024027,0.477733,0.902844
code,26,16,1.271934,1.4828765,0.618551,0.841827
code,26,17,1.311465,2.3054101,1.080948,0.658901
code,26,18,1.147068,1.8515041,1.071484,0.621573
code,26,19,0.991516,2.4494843,1.162016,0.571677
code,26,20,1.026664,3.4120681,1.357741,0.548088
code,26,21,1.17094,1.039271,0.425605,0.907228
code,26,22,1.054804,1.0745511,0.351868,0.928699
code,26,23,1.353585,1.500608,0.625474,0.850693
code,27,0,1.020279,1.9569892,1.095649,0.600229
code,27,1,0.852965,1.8720217,0.919709,0.633926
code,27,2,1.02175,1.4682183,0.725087,0.758724
code,27,3,1.299691,2.5426817,1.134953,0.647638
code,27,4,0.918484,1.6569146,1.258931,0.52639
code,27,5,0.938092,3.2609446,1.379592,0.518804
code,27,6,0.621006,0.4880325,0.707396,0.704335
code,27,7,0.898199,0.9404691,0.849178,0.682042
code,27,8,1.057485,1.4383857,0.648151,0.803783
code,27,9,1.242745,2.4050512,1.162674,0.639955
code,27,10,1.634356,2.7818396,0.835119,0.806317
code,27,11,0.695157,0.5696723,0.337652,0.908964
code,27,12,1.186043,1.1567447,0.486169,0.888383
code,27,13,1.314905,1.3338983,0.428376,0.916043
code,27,14,1.143538,1.1888233,0.429203,0.90603
code,27,15,1.305013,1.5511858,0.631379,0.843279
code,27,16,1.087284,0.8293452,0.326851,0.939421
code,27,17,1.579074,2.2162621,0.687198,0.850342
code,27,18,0.626499,1.1529357,0.881243,0.594796
code,27,19,1.177729,1.6484675,0.815889,0.748543
code,27,20,0.929725,1.4786376,0.912798,0.637768
code,27,21,1.027321,3.7393045,1.345334,0.575376
code,27,22,1.495836,2.3884287,0.955794,0.756554
code,27,23,1.236287,2.708528,1.126416,0.665074
reasoning,0,0,0.905178,1.6139985,0.689047,0.774997
reasoning,0,1,0.625295,1.6226652,1.010641,0.599796
reasoning,0,2,0.519559,0.3301944,0.206908,0.948079
reasoning,0,3,1.027244,1.5272776,0.627885,0.829353
reasoning,0,4,1.015952,1.1443108,0.569564,0.845654
reasoning,0,5,0.864762,1.2967582,0.664387,0.776808
reasoning,0,6,1.313525,2.4461057,1.105239,0.695812
reasoning,0,7,0.818976,3.5009685,1.410525,0.495944
reasoning,0,8,1.190959,2.6253729,1.111624,0.676642
reasoning,0,9,0.557941,0.9709255,0.228712,0.945981
reasoning,0,10,0.522418,0.8448027,0.253445,0.931191
reasoning,0,11,0.574258,0.517444,0.270782,0.929613
reasoning,0,12,1.017066,1.134783,0.559571,0.835898
reasoning,0,13,1.289737,2.7586596,1.113559,0.699977
reasoning,0,14,1.374711,3.1270735,1.181811,0.679419
reasoning,0,15,0.516774,4.2797585,1.681038,0.392039
reasoning,0,16,1.293774,1.7156825,0.557806,0.876536
reasoning,0,17,0.903697,3.7874148,1.365278,0.55796
reasoning,0,18,1.043133,2.418808,0.937842,0.709786
reasoning,0,19,0.965982,2.3599141,0.982979,0.681779
reasoning,0,20,1.115244,2.214174,0.953476,0.717802
reasoning,0,21,0.339185,1.1009023,0.59856,0.809447
reasoning,0,22,0.000136,5.4e-06,1.1e-05,0.999999
reasoning,0,23,0.00579,0.0008442,0.000675,0.999934
reasoning,1,0,1.205127,1.6894758,0.607407,0.841007
reasoning,1,1,1.101981,1.5624925,0.723267,0.784407
reasoning,1,2,1.205914,1.2120587,0.434047,0.909528
reasoning,1,3,0.648353,0.5473727,0.273556,0.92173
reasoning,1,4,0.685162,0.708083,0.274087,0.925181
reasoning,1,5,0.665316,0.5064613,0.221073,0.948614
reasoning,1,6,1.402351,3.3175387,1.074579,0.730058
reasoning,1,7,1.197837,1.119559,0.356401,0.934795
reasoning,1,8,1.076909,2.1303709,0.895113,0.729019
reasoning,1,9,1.325052,1.6997684,0.549437,0.883295
reasoning,1,10,0.674538,0.4922194,0.275274,0.926336
reasoning,1,11,0.763345,0.5055642,0.20145,0.963447
reasoning,1,12,0.781941,0.8708742,0.47191,0.852896
reasoning,1,13,1.021976,1.2638121,0.529585,0.857641
reasoning,1,14,0.717457,0.8613942,0.389747,0.871662
reasoning,1,15,0.546913,1.0707884,0.792702,0.659105
reasoning,1,16,1.0648,2.1091943,0.775578,0.775812
reasoning,1,17,0.666731,0.5740534,0.338505,0.890909
reasoning,1,18,0.803652,0.7357785,0.454109,0.866507
reasoning,1,19,0.740518,0.7575681,0.485927,0.848336
reasoning,1,20,0.722732,0.7310656,0.285026,0.92703
reasoning,1,21,1.360281,3.491395,1.142563,0.692516
reasoning,1,22,1.068336,1.8494537,0.670456,0.783868
reasoning,1,23,1.227219,1.3780335,0.593671,0.848764
reasoning,2,0,0.81751,0.6175517,0.241123,0.952889
reasoning,2,1,0.602453,0.3876491,0.144735,0.97551
reasoning,2,2,0.889863,0.7909002,0.321611,0.92411
reasoning,2,3,1.606153,1.8924896,0.701861,0.849422
reasoning,2,4,1.025344,0.7246673,0.268072,0.954105
reasoning,2,5,1.31374,1.8522655,0.767057,0.80076
reasoning,2,6,0.645685,0.7036275,0.242983,0.938217
reasoning,2,7,0.663396,0.574679,0.188279,0.964233
reasoning,2,8,0.876079,0.763347,0.260417,0.95032
reasoning,2,9,0.941137,0.710211,0.365733,0.914261
reasoning,2,10,0.693226,0.5056708,0.181389,0.967913
reasoning,2,11,0.656196,0.6623816,0.203917,0.958552
reasoning,2,12,0.935625,0.9107166,0.287201,0.943818
reasoning,2,13,0.914592,0.9345808,0.289857,0.943547
reasoning,2,14,1.555805,1.9284631,0.654162,0.85981
reasoning,2,15,0.199328,0.2031454,0.063997,0.985147
reasoning,2,16,0.119159,0.0744453,0.026489,0.995617
reasoning,2,17,0.36051,0.3008193,0.105209,0.979172
reasoning,2,18,1.250058,1.5372206,0.503712,0.888555
reasoning,2,19,0.508563,0.3835007,0.200141,0.942206
reasoning,2,20,0.801697,0.8412558,0.290045,0.930335
reasoning,2,21,0.977863,1.019734,0.367113,0.91343
reasoning,2,22,1.219603,1.343161,0.434281,0.911967
reasoning,2,23,1.033105,0.9566839,0.503134,0.855822
reasoning,3,0,1.298474,1.6828802,0.641684,0.846937
reasoning,3,1,0.845695,0.709275,0.276668,0.943873
reasoning,3,2,1.126072,1.7512426,0.580508,0.851848
reasoning,3,3,0.646666,0.5709101,0.182133,0.965244
reasoning,3,4,0.888713,0.7691326,0.26578,0.948849
reasoning,3,5,0.919632,1.0658092,0.3267,0.928214
reasoning,3,6,1.16299,1.3219104,0.548501,0.86292
reasoning,3,7,0.975932,1.026199,0.405355,0.902227
reasoning,3,8,0.982724,0.9608013,0.408878,0.903526
reasoning,3,9,0.980623,1.231792,0.556964,0.849447
reasoning,3,10,0.90716,0.7736387,0.341984,0.915979
reasoning,3,11,1.157196,1.381373,0.46674,0.89423
reasoning,3,12,0.877178,1.0221931,0.425445,0.891504
reasoning,3,13,0.803574,0.9841825,0.387965,0.896937
reasoning,3,14,0.903396,1.1988225,0.542268,0.84212
reasoning,3,15,1.057607,0.8571556,0.294023,0.948371
reasoning,3,16,1.554165,2.634964,0.973886,0.761873
reasoning,3,17,1.310915,1.3869672,0.551389,0.87404
reasoning,3,18,1.130671,1.5817147,0.535244,0.865623
reasoning,3,19,0.964821,0.8369091,0.323897,0.932942
reasoning,3,20,0.861448,0.5902901,0.297352,0.935346
reasoning,3,21,1.383035,1.9941562,0.815956,0.797008
reasoning,3,22,1.271912,2.6604512,0.833283,0.790841
reasoning,3,23,1.183182,2.2326822,0.944641,0.71405
reasoning,4,0,1.364712,1.5715913,0.532316,0.889952
reasoning,4,1,1.175009,1.6463152,0.506007,0.886306
reasoning,4,2,1.091691,1.08776,0.379851,0.925161
reasoning,4,3,1.311458,1.7153579,0.525786,0.885146
reasoning,4,4,1.192256,2.0793626,0.839547,0.750896
reasoning,4,5,1.305567,1.7462488,0.819988,0.778047
reasoning,4,6,1.376668,2.6610861,0.896367,0.763932
reasoning,4,7,1.488499,2.5898693,0.77225,0.814343
reasoning,4,8,1.296336,1.5157235,0.732466,0.803652
reasoning,4,9,0.880143,1.6365122,0.573846,0.832597
reasoning,4,10,1.177948,1.7651188,0.768979,0.774711
reasoning,4,11,0.839927,1.3302524,0.545713,0.826525
reasoning,4,12,1.235142,1.4031384,0.668746,0.822528
reasoning,4,13,1.077961,2.0566683,0.6779,0.811847
reasoning,4,14,0.476325,0.6107585,0.323102,0.872094
reasoning,4,15,1.420134,1.6189831,0.536808,0.886972
reasoning,4,16,0.807574,0.5499691,0.223825,0.959319
reasoning,4,17,1.244905,1.550514,0.539884,0.873671
reasoning,4,18,1.236898,1.7038572,0.611975,0.848323
reasoning,4,19,1.090584,2.560643,0.870599,0.74842
reasoning,4,20,1.280688,2.090466,0.792253,0.778203
reasoning,4,21,0.41692,0.2844216,0.098097,0.983387
reasoning,4,22,0.55056,0.3811165,0.135731,0.976561
reasoning,4,23,1.183709,1.3724097,0.488145,0.884679
reasoning,5,0,1.082604,1.0976663,0.351593,0.930323
reasoning,5,1,1.139331,1.2275734,0.469203,0.890994
reasoning,5,2,1.315149,2.2778759,0.784683,0.777056
reasoning,5,3,1.151772,2.2945681,0.844398,0.761484
reasoning,5,4,1.057641,2.2404456,0.89164,0.72834
reasoning,5,5,1.249125,1.7576047,0.640309,0.849445
reasoning,5,6,0.40519,0.2678502,0.102817,0.981371
reasoning,5,7,0.169088,0.1126544,0.037154,0.993792
reasoning,5,8,0.92338,0.785934,0.407392,0.900154
reasoning,5,9,1.082761,2.6931925,0.884291,0.734075
reasoning,5,10,0.948722,2.0468459,0.775903,0.757771
reasoning,5,11,1.277756,2.0429707,0.82398,0.777427
reasoning,5,12,1.101868,2.5782106,1.238512,0.601316
reasoning,5,13,1.164693,2.2737024,0.975575,0.701495
reasoning,5,14,1.178879,2.4210815,1.020308,0.671357
reasoning,5,15,0.871428,0.5414389,0.223287,0.961785
reasoning,5,16,1.033458,0.9857081,0.328148,0.935255
reasoning,5,17,1.278271,1.5335854,0.618837,0.834353
reasoning,5,18,1.430564,2.0563445,0.661512,0.848312
reasoning,5,19,1.506285,1.8855197,0.740639,0.826007
reasoning,5,20,1.334948,2.3906503,0.856053,0.787455
reasoning,5,21,1.2568,2.2060735,0.995502,0.711575
reasoning,5,22,1.169502,1.1491604,0.39248,0.920977
reasoning,5,23,0.944334,1.7907969,0.856111,0.725829
reasoning,6,0,1.271067,1.7227368,0.656646,0.840939
reasoning,6,1,0.906569,0.7985809,0.318337,0.934356
reasoning,6,2,1.202007,2.0502553,0.773116,0.774144
reasoning,6,3,1.264052,2.8841603,1.125346,0.672465
reasoning,6,4,1.103184,2.4892366,1.079499,0.669791
reasoning,6,5,1.067271,2.4753289,0.888139,0.740873
reasoning,6,6,1.14485,1.2534533,0.596476,0.850545
reasoning,6,7,0.999462,1.2258514,0.668234,0.795237
reasoning,6,8,1.163937,1.8429978,0.744891,0.782917
reasoning,6,9,1.020298,2.3600814,1.047696,0.653255
reasoning,6,10,1.410506,2.5997677,0.848349,0.794384
reasoning,6,11,1.251721,1.864363,0.853258,0.770453
reasoning,6,12,1.059978,1.3809303,0.59099,0.840081
reasoning,6,13,1.331661,1.7956516,0.668863,0.835228
reasoning,6,14,1.07685,1.4068284,0.752041,0.751488
reasoning,6,15,1.065583,3.0899513,1.308312,0.589193
reasoning,6,16,1.125608,2.8152518,1.255304,0.620417
reasoning,6,17,0.855849,1.8184478,0.879848,0.705967
reasoning,6,18,1.086643,0.8829508,0.315143,0.942173
reasoning,6,19,0.628508,0.4042665,0.146668,0.976162
reasoning,6,20,1.405349,2.4629064,0.743221,0.82265
reasoning,6,21,1.048381,1.1080146,0.382614,0.919688
reasoning,6,22,0.725448,1.6278005,0.736745,0.748237
reasoning,6,23,1.135439,1.8158947,0.670473,0.823735
reasoning,7,0,0.762329,2.1885984,1.165816,0.556483
reasoning,7,1,0.761087,2.876677,1.11252,0.596157
reasoning,7,2,1.229694,1.8256507,0.605437,0.857944
reasoning,7,3,1.460223,2.9383395,0.833105,0.796712
reasoning,7,4,1.361698,2.4280267,0.810526,0.802784
reasoning,7,5,1.302617,2.6429276,0.883152,0.752577
reasoning,7,6,0.994911,2.7570028,1.239092,0.597523
reasoning,7,7,1.146118,2.5654445,0.981151,0.696936
reasoning,7,8,1.121513,2.0424619,0.879152,0.724228
reasoning,7,9,1.054011,2.4306343,1.118133,0.638863
reasoning,7,10,0.945471,2.6169076,0.932819,0.704927
reasoning,7,11,1.082152,2.3124003,1.019772,0.686866
reasoning,7,12,1.358899,1.9002858,0.67923,0.837411
reasoning,7,13,1.300549,1.7997167,0.750364,0.810327
reasoning,7,14,1.331967,2.5268128,1.037892,0.719112
reasoning,7,15,1.372805,2.7587383,1.120546,0.693578
reasoning,7,16,1.090124,2.6896873,1.250823,0.615703
reasoning,7,17,1.294715,1.7089651,0.665125,0.839038
reasoning,7,18,0.942107,2.5920238,1.07433,0.65354
reasoning,7,19,1.13994,2.7025411,0.946492,0.732708
reasoning,7,20,1.028838,1.7152387,0.819445,0.729666
reasoning,7,21,1.210287,2.7910125,0.970041,0.718808
reasoning,7,22,1.097615,2.5939071,0.906366,0.723695
reasoning,7,23,1.194187,2.7091088,1.016914,0.702545
reasoning,8,0,1.355516,2.0476959,0.683437,0.833478
reasoning,8,1,1.213769,2.8579206,1.06655,0.698954
reasoning,8,2,0.955646,1.1859251,0.361952,0.922256
reasoning,8,3,1.042177,2.4171906,1.24498,0.598803
reasoning,8,4,0.979804,1.7152116,0.989445,0.674176
reasoning,8,5,1.098829,3.3846421,1.210518,0.631064
reasoning,8,6,1.100405,1.2350353,0.528022,0.872351
reasoning,8,7,1.38589,2.0931273,0.686039,0.842129
reasoning,8,8,0.972516,1.3725259,0.543032,0.851151
reasoning,8,9,1.011329,2.3454235,1.249661,0.588918
reasoning,8,10,0.937427,3.0182986,0.941855,0.712908
reasoning,8,11,1.09601,2.6175165,1.134053,0.658639
reasoning,8,12,1.167545,3.216912,1.200225,0.627501
reasoning,8,13,1.205481,2.8715727,1.129844,0.660666
reasoning,8,14,1.254191,2.8957803,0.914976,0.760965
reasoning,8,15,1.131924,3.2695413,1.077057,0.683796
reasoning,8,16,1.192471,2.6598313,1.099636,0.67455
reasoning,8,17,0.983581,1.8168904,1.048945,0.620186
reasoning,8,18,0.797705,3.3704798,1.150729,0.613893
reasoning,8,19,1.317601,2.5642786,0.8194,0.792418
reasoning,8,20,1.033606,2.8062913,1.26004,0.615617
reasoning,8,21,1.412727,2.0995283,0.847634,0.789431
reasoning,8,22,0.826591,3.1397016,1.330446,0.548154
reasoning,8,23,1.063739,3.2692065,1.198901,0.647475
reasoning,9,0,0.928909,3.6746593,1.360312,0.56448
reasoning,9,1,0.842277,2.6513348,1.166134,0.598986
reasoning,9,2,1.004918,2.4113817,1.124426,0.630381
reasoning,9,3,1.330526,1.6449962,0.991346,0.710695
reasoning,9,4,1.477825,2.9862628,0.893766,0.784175
reasoning,9,5,1.265476,1.0552547,0.377083,0.931266
reasoning,9,6,1.140137,2.4848104,1.155245,0.639448
reasoning,9,7,1.104085,2.6824896,1.159314,0.633124
reasoning,9,8,0.662686,1.9187361,1.223076,0.504171
reasoning,9,9,1.174925,3.6866126,1.123623,0.68987
reasoning,9,10,0.998984,3.091826,1.18033,0.646858
reasoning,9,11,1.166305,2.8102825,1.163654,0.670665
reasoning,9,12,1.292667,2.3194885,0.763011,0.796732
reasoning,9,13,0.873722,1.9957387,1.232751,0.574931
reasoning,9,14,0.790195,3.4008968,1.307501,0.53037
reasoning,9,15,1.395372,2.2525082,0.764457,0.815029
reasoning,9,16,1.207984,3.0853915,1.084668,0.683094
reasoning,9,17,1.401835,3.2555134,1.053813,0.722231
reasoning,9,18,0.924984,2.5728331,1.18911,0.582537
reasoning,9,19,1.059055,1.1965864,0.502802,0.878294
reasoning,9,20,0.82267,1.5268772,0.747891,0.742641
reasoning,9,21,1.309446,3.3678172,1.139317,0.688564
reasoning,9,22,1.540952,2.9125211,0.882136,0.788611
reasoning,9,23,1.124356,2.2783222,0.870847,0.754902
reasoning,10,0,1.205245,2.2823811,0.992639,0.703372
reasoning,10,1,1.248637,2.9267514,1.112617,0.678334
reasoning,10,2,1.323626,3.7451777,1.174798,0.678153
reasoning,10,3,1.172388,1.8867772,0.895131,0.745739
reasoning,10,4,1.205835,1.6570145,0.597328,0.856021
reasoning,10,5,1.347019,2.3331456,0.752674,0.817713
reasoning,10,6,1.201184,2.9091399,0.951317,0.724538
reasoning,10,7,0.890947,3.4437265,1.295744,0.544588
reasoning,10,8,1.089023,2.8208952,1.179313,0.644706
reasoning,10,9,1.2999,2.5485563,0.952086,0.752844
reasoning,10,10,0.945399,2.5699453,1.302769,0.568514
reasoning,10,11,0.992338,1.210776,0.499569,0.870046
reasoning,10,12,0.838342,2.0317178,1.17292,0.568782
reasoning,10,13,1.105818,2.7022183,1.248485,0.605054
reasoning,10,14,0.931568,3.3642662,1.275482,0.566038
reasoning,10,15,1.491316,2.3959672,0.855164,0.792164
reasoning,10,16,1.313636,2.3591223,0.882228,0.768252
reasoning,10,17,1.242077,3.1962574,1.177874,0.665347
reasoning,10,18,0.856641,2.9044883,1.422251,0.524275
reasoning,10,19,1.022298,2.8255796,1.243827,0.605966
reasoning,10,20,0.921745,4.1129189,1.28,0.5665
reasoning,10,21,0.629468,0.4283955,0.1465,0.975917
reasoning,10,22,1.232208,1.1451941,0.380162,0.928554
reasoning,10,23,1.371346,1.6704837,0.554037,0.879035
reasoning,11,0,1.099159,3.4785151,1.273131,0.615055
reasoning,11,1,1.374677,3.0948145,1.133336,0.704989
reasoning,11,2,1.322597,3.0490642,1.14675,0.681827
reasoning,11,3,0.884108,3.5053375,1.285333,0.560938
reasoning,11,4,1.16663,3.0198915,1.063228,0.697083
reasoning,11,5,1.237393,2.7161455,1.091578,0.686856
reasoning,11,6,1.230646,3.4712858,1.188803,0.664547
reasoning,11,7,1.031881,3.5997648,1.310037,0.600837
reasoning,11,8,0.835768,4.1841779,1.390428,0.518724
reasoning,11,9,1.10187,2.6980159,1.054654,0.667455
reasoning,11,10,0.95785,2.9193647,1.36634,0.550087
reasoning,11,11,0.792185,4.3172278,1.53756,0.49247
reasoning,11,12,0.891133,2.3053827,1.234702,0.578285
reasoning,11,13,1.106603,1.804172,0.955756,0.696773
reasoning,11,14,0.881521,2.0951374,0.99622,0.649184
reasoning,11,15,1.193799,2.7510631,1.181284,0.635518
reasoning,11,16,0.771531,3.6835482,1.474207,0.499582
reasoning,11,17,1.094763,2.2459376,0.980971,0.702646
reasoning,11,18,0.935718,2.8769689,1.294392,0.572432
reasoning,11,19,1.120007,2.6621976,1.20537,0.632308
reasoning,11,20,1.08337,3.7299995,1.297243,0.609255
reasoning,11,21,0.798342,3.1983912,1.392736,0.521567
reasoning,11,22,0.846626,2.5891471,1.33797,0.522205
reasoning,11,23,0.766245,3.7940409,1.430261,0.492315
reasoning,12,0,0.955849,3.6152339,1.307624,0.584952
reasoning,12,1,0.687642,2.3422163,1.312194,0.523329
reasoning,12,2,0.921522,2.5561862,1.278566,0.575
reasoning,12,3,1.227059,1.8730316,0.636645,0.852576
reasoning,12,4,1.318938,2.9207988,0.794021,0.799427
reasoning,12,5,0.943579,2.5604541,1.240592,0.58846
reasoning,12,6,0.903469,3.4083128,1.301656,0.578491
reasoning,12,7,0.957797,3.4141185,1.184304,0.60898
reasoning,12,8,0.933889,3.1542039,1.328264,0.584671
reasoning,12,9,0.847451,2.7264788,1.294381,0.575705
reasoning,12,10,0.836233,2.6957419,1.267756,0.567089
reasoning,12,11,0.900224,3.0362768,1.31227,0.544458
reasoning,12,12,0.749714,3.2845054,1.405986,0.508537
reasoning,12,13,1.447324,2.772943,0.85461,0.793564
reasoning,12,14,0.957106,4.1998162,1.260852,0.604278
reasoning,12,15,1.177612,2.2917182,0.774706,0.793103
reasoning,12,16,0.881348,3.0388653,1.003238,0.662809
reasoning,12,17,1.130497,2.466476,1.012897,0.688602
reasoning,12,18,1.141026,2.692466,1.065925,0.681625
reasoning,12,19,1.256749,1.9441589,0.70259,0.832014
reasoning,12,20,1.182203,1.6627657,0.706606,0.810417
reasoning,12,21,0.871876,2.4866524,1.312958,0.46873
reasoning,12,22,1.034975,3.0431666,1.187314,0.630171
reasoning,12,23,0.655413,3.0639544,1.528526,0.432784
reasoning,13,0,1.064359,1.7570919,1.075627,0.636198
reasoning,13,1,1.063828,2.4029782,0.95695,0.694534
reasoning,13,2,1.197614,2.3475854,0.895227,0.745894
reasoning,13,3,1.072821,3.4539371,1.083397,0.679755
reasoning,13,4,0.969675,2.1921587,1.186185,0.60794
reasoning,13,5,1.115676,3.4819782,1.183891,0.649147
reasoning,13,6,0.543278,1.2006037,1.073516,0.556838
reasoning,13,7,0.845367,2.7863514,1.340914,0.528334
reasoning,13,8,0.774014,1.9162562,1.3042,0.502135
reasoning,13,9,0.974484,2.906225,1.050183,0.655703
reasoning,13,10,1.156543,3.3587484,1.252305,0.62515
reasoning,13,11,1.276577,1.7545993,0.760877,0.795122
reasoning,13,12,1.231782,2.4533877,0.903341,0.737318
reasoning,13,13,0.828909,0.8738089,0.365681,0.906537
reasoning,13,14,0.512248,1.0445912,0.668823,0.715069
reasoning,13,15,0.813155,3.0452588,1.418621,0.505199
reasoning,13,16,1.221651,2.1487446,0.829924,0.779549
reasoning,13,17,1.0228,3.6389446,1.272146,0.603369
reasoning,13,18,1.283305,1.9595579,0.956499,0.720399
reasoning,13,19,1.458938,2.1340709,0.836981,0.792949
reasoning,13,20,1.283023,2.0812013,1.042851,0.708636
reasoning,13,21,1.129027,3.1498446,1.243553,0.627132
reasoning,13,22,1.323961,2.7640851,0.988879,0.743273
reasoning,13,23,0.764548,3.7227888,1.334075,0.532372
reasoning,14,0,0.824793,2.840497,1.222144,0.53299
reasoning,14,1,0.454675,0.2703904,0.126074,0.975241
reasoning,14,2,0.618504,0.568581,0.188959,0.962592
reasoning,14,3,0.732107,2.3164463,1.365572,0.481842
reasoning,14,4,0.703514,3.0112948,1.48758,0.408667
reasoning,14,5,0.810002,2.4488175,1.356963,0.488602
reasoning,14,6,0.969635,2.1190419,1.245088,0.566877
reasoning,14,7,1.229543,3.5488098,1.169008,0.663956
reasoning,14,8,0.794329,2.6823115,1.463656,0.485831
reasoning,14,9,1.31493,2.8131649,0.906552,0.748668
reasoning,14,10,0.962524,2.8655064,1.228824,0.560608
reasoning,14,11,0.955219,1.7197697,1.026659,0.633704
reasoning,14,12,1.304467,2.1845114,0.876789,0.759305
reasoning,14,13,1.480765,1.91065,0.683636,0.844884
reasoning,14,14,1.461577,1.8582611,0.582562,0.876676
reasoning,14,15,0.956374,3.5656478,1.301107,0.586877
reasoning,14,16,0.686031,4.5005283,1.459071,0.486874
reasoning,14,17,0.818328,2.534512,1.360397,0.542791
reasoning,14,18,0.731352,2.696444,1.502565,0.443417
reasoning,14,19,0.982252,2.8750792,1.279728,0.563568
reasoning,14,20,0.866004,4.3753505,1.392906,0.535342
reasoning,14,21,1.16985,2.5049891,0.817169,0.79186
reasoning,14,22,0.39874,0.4346205,0.159124,0.957449
reasoning,14,23,1.024054,1.8038733,0.957355,0.685241
reasoning,15,0,1.180443,1.3707224,0.52101,0.877142
reasoning,15,1,1.096248,1.1817158,0.395393,0.91597
reasoning,15,2,0.908812,2.0479019,1.270309,0.577454
reasoning,15,3,0.927139,2.7219169,1.29385,0.573858
reasoning,15,4,1.196598,1.6258391,0.846811,0.754609
reasoning,15,5,1.086049,2.9172626,1.245917,0.607809
reasoning,15,6,1.193372,1.2134384,0.439404,0.905682
reasoning,15,7,1.364932,1.7290113,0.575104,0.872549
reasoning,15,8,0.891516,1.7511317,1.086221,0.610488
reasoning,15,9,0.727914,2.9425147,1.445859,0.464112
reasoning,15,10,0.851352,3.7653484,1.416234,0.510505
reasoning,15,11,0.746083,3.0260382,1.495087,0.458137
reasoning,15,12,1.006111,0.8662386,0.335121,0.933114
reasoning,15,13,0.420057,0.1823902,0.07959,0.98888
reasoning,15,14,1.066874,1.5346169,0.945613,0.705601
reasoning,15,15,1.066673,2.7095616,1.194245,0.627306
reasoning,15,16,1.185064,3.2640855,1.173246,0.64314
reasoning,15,17,1.266095,1.8105949,0.76029,0.785622
reasoning,15,18,0.979361,1.958479,0.68727,0.789637
reasoning,15,19,1.164431,1.3447014,0.481809,0.89551
reasoning,15,20,1.251359,3.2390151,0.865697,0.776911
reasoning,15,21,1.343208,1.9699246,0.778142,0.79998
reasoning,15,22,1.043013,2.3143411,0.969581,0.708666
reasoning,15,23,1.206928,2.2502592,0.924674,0.72908
reasoning,16,0,0.699866,0.4783525,0.209761,0.955998
reasoning,16,1,0.983742,1.875929,0.931417,0.66828
reasoning,16,2,0.695713,0.5011706,0.217463,0.954057
reasoning,16,3,0.541824,0.3436964,0.124646,0.97966
reasoning,16,4,0.968219,1.6246649,0.665267,0.786604
reasoning,16,5,0.828554,0.582656,0.225549,0.95948
reasoning,16,6,1.006313,2.7799151,1.17745,0.623244
reasoning,16,7,1.361074,2.3788385,0.782329,0.806868
reasoning,16,8,1.461273,2.4499316,0.832379,0.796292
reasoning,16,9,1.153131,1.2926137,0.645726,0.824039
reasoning,16,10,0.871497,0.7131008,0.302925,0.932908
reasoning,16,11,1.231944,2.0270238,0.706595,0.816618
reasoning,16,12,0.68648,0.4033498,0.220839,0.952883
reasoning,16,13,0.99197,1.5369045,0.745876,0.744504
reasoning,16,14,1.194223,1.9790893,0.799357,0.787273
reasoning,16,15,1.221456,2.3679101,0.706878,0.822231
reasoning,16,16,1.257512,1.7246621,0.628888,0.857262
reasoning,16,17,1.090799,1.4881669,0.631529,0.83466
reasoning,16,18,1.213538,3.1298018,1.03836,0.690758
reasoning,16,19,0.914094,2.1328654,1.020636,0.639549
reasoning,16,20,1.112612,2.291615,0.938087,0.722031
reasoning,16,21,1.239494,2.1617615,1.040627,0.690482
reasoning,16,22,1.133757,1.5997049,0.442534,0.904148
reasoning,16,23,1.076999,1.004246,0.444746,0.893319
reasoning,17,0,1.186617,1.3577472,0.543222,0.8701
reasoning,17,1,1.125094,1.01553,0.349252,0.934744
reasoning,17,2,1.157391,3.2965007,1.012164,0.703287
reasoning,17,3,0.803034,0.6009802,0.233434,0.954095
reasoning,17,4,0.775555,0.5944431,0.238844,0.953284
reasoning,17,5,1.057076,1.5907152,0.68997,0.795246
reasoning,17,6,0.775495,2.2513335,1.276076,0.507978
reasoning,17,7,0.963889,1.3996971,0.936184,0.662331
reasoning,17,8,1.164214,2.3807309,1.026255,0.676949
reasoning,17,9,0.965483,0.8884768,0.382271,0.911494
reasoning,17,10,1.081441,2.0174077,0.790847,0.796939
reasoning,17,11,1.017191,1.1363614,0.389202,0.912958
reasoning,17,12,0.532975,0.3643347,0.140333,0.97351
reasoning,17,13,1.064283,1.7031915,0.664752,0.80682
reasoning,17,14,1.001207,0.9383197,0.306607,0.941046
reasoning,17,15,1.026929,3.1677041,1.224618,0.620087
reasoning,17,16,0.910414,0.7699875,0.274811,0.946685
reasoning,17,17,1.059727,2.9673591,1.077411,0.655878
reasoning,17,18,0.687707,0.4810244,0.166745,0.972092
reasoning,17,19,0.656527,0.609906,0.228872,0.949921
reasoning,17,20,0.919942,0.9011945,0.487054,0.850442
reasoning,17,21,0.91972,0.7922367,0.272569,0.947523
reasoning,17,22,1.070127,1.0261155,0.460739,0.890609
reasoning,17,23,0.915442,0.9218895,0.303903,0.936826
reasoning,18,0,1.06499,2.2938485,0.905478,0.687165
reasoning,18,1,1.133738,1.4032576,0.637221,0.825472
reasoning,18,2,0.462295,0.2360374,0.095074,0.985773
reasoning,18,3,0.694853,0.5474213,0.186988,0.966144
reasoning,18,4,0.69233,0.5883518,0.190252,0.965135
reasoning,18,5,0.852296,0.8191146,0.268616,0.946686
reasoning,18,6,1.035212,1.5555321,0.818997,0.739066
reasoning,18,7,1.301832,2.2234726,0.877883,0.763062
reasoning,18,8,1.35519,2.1583858,0.714782,0.821424
reasoning,18,9,1.219902,3.1178567,1.006255,0.710777
reasoning,18,10,1.151009,1.5754453,0.647748,0.827486
reasoning,18,11,1.147208,2.1854792,0.649096,0.8221
reasoning,18,12,0.658498,0.6340849,0.23859,0.941821
reasoning,18,13,0.759445,0.5241011,0.216496,0.956577
reasoning,18,14,0.994209,0.9484632,0.301487,0.940671
reasoning,18,15,0.668875,0.4668725,0.182534,0.967369
reasoning,18,16,1.263554,1.6647624,0.573097,0.862631
reasoning,18,17,1.355392,2.0280387,0.618777,0.855781
reasoning,18,18,0.993775,1.1518307,0.390168,0.91701
reasoning,18,19,1.150666,1.8937714,0.773886,0.770251
reasoning,18,20,1.318969,1.884535,0.867119,0.762383
reasoning,18,21,0.976925,1.9888586,0.744317,0.768289
reasoning,18,22,1.201425,1.9209543,0.826263,0.779944
reasoning,18,23,1.15514,1.0571396,0.417294,0.91266
reasoning,19,0,0.975542,2.6799929,0.970727,0.698793
reasoning,19,1,0.97033,2.5548172,1.122683,0.608122
reasoning,19,2,1.172624,1.7203996,1.018858,0.671271
reasoning,19,3,0.747717,1.5824485,0.880283,0.668283
reasoning,19,4,0.954395,1.4629817,0.918057,0.683827
reasoning,19,5,0.949223,1.7871224,0.798931,0.737774
reasoning,19,6,0.958613,2.2816625,0.981359,0.661183
reasoning,19,7,0.721189,1.4705626,1.072044,0.550431
reasoning,19,8,1.343814,2.3164415,0.848262,0.787779
reasoning,19,9,1.299854,1.9913932,0.727506,0.816839
reasoning,19,10,1.210479,1.5947095,0.688815,0.817516
reasoning,19,11,0.880715,2.2813959,1.236436,0.578927
reasoning,19,12,1.143259,1.2392261,0.446522,0.899002
reasoning,19,13,1.170245,1.9998245,1.014431,0.685683
reasoning,19,14,1.068624,0.9565846,0.368569,0.922122
reasoning,19,15,0.594628,0.3198366,0.143218,0.975842
reasoning,19,16,0.770757,0.5263518,0.264907,0.943875
reasoning,19,17,1.037738,1.0077934,0.362199,0.924243
reasoning,19,18,1.028919,2.1693749,0.860147,0.749881
reasoning,19,19,1.13613,3.1110606,1.085161,0.671285
reasoning,19,20,1.31792,1.9149086,0.852036,0.781306
reasoning,19,21,0.511649,0.2628915,0.105964,0.984147
reasoning,19,22,0.524188,0.3250035,0.118791,0.980722
reasoning,19,23,0.765168,0.5814935,0.213582,0.961167
reasoning,20,0,1.248975,1.9289135,0.554891,0.868527
reasoning,20,1,1.139133,1.1008222,0.426645,0.904372
reasoning,20,2,0.804924,0.6511181,0.27791,0.934448
reasoning,20,3,0.803809,0.6069698,0.206275,0.964336
reasoning,20,4,0.851984,0.6592503,0.220772,0.961881
reasoning,20,5,1.001566,0.9812606,0.305067,0.941317
reasoning,20,6,1.131576,1.1175487,0.454994,0.898012
reasoning,20,7,1.301231,1.8654356,0.885323,0.756112
reasoning,20,8,1.057952,0.9038781,0.360517,0.91986
reasoning,20,9,0.970596,0.9040351,0.295355,0.944779
reasoning,20,10,0.915292,0.6781951,0.257037,0.953641
reasoning,20,11,0.773927,0.6090591,0.217175,0.960452
reasoning,20,12,0.968965,0.9826237,0.497534,0.865986
reasoning,20,13,1.211187,1.9550948,0.613784,0.849699
reasoning,20,14,0.770498,0.5019219,0.196336,0.966155
reasoning,20,15,1.159454,1.365569,0.656639,0.813193
reasoning,20,16,1.195063,1.6329819,0.632303,0.832525
reasoning,20,17,1.181109,1.2114133,0.520009,0.879605
reasoning,20,18,1.172631,2.0475502,0.716068,0.809403
reasoning,20,19,1.087633,2.3349071,0.966779,0.704589
reasoning,20,20,1.332422,1.7367132,0.631888,0.853531
reasoning,20,21,1.007867,1.6577934,0.917147,0.693586
reasoning,20,22,0.973494,0.9177976,0.49161,0.86959
reasoning,20,23,0.98675,1.43782,0.596033,0.834111
reasoning,21,0,0.60898,0.3416574,0.137934,0.977867
reasoning,21,1,1.078463,1.3346268,0.483086,0.881799
reasoning,21,2,1.110251,2.3643277,0.734622,0.79116
reasoning,21,3,0.369584,0.1663694,0.125739,0.965071
reasoning,21,4,0.489015,0.3399615,0.133065,0.974613
reasoning,21,5,0.729573,0.8497447,0.28521,0.932713
reasoning,21,6,0.626964,0.4998447,0.198699,0.958493
reasoning,21,7,0.408595,0.2523094,0.090979,0.985399
reasoning,21,8,0.465046,0.2360727,0.09784,0.985054
reasoning,21,9,1.111142,1.7642624,0.932505,0.716611
reasoning,21,10,1.282694,1.9108793,0.728518,0.798267
reasoning,21,11,0.96358,1.8817606,0.808117,0.727143
reasoning,21,12,0.762524,0.8990636,0.359359,0.902441
reasoning,21,13,0.741744,0.5466545,0.226732,0.954477
reasoning,21,14,1.004154,1.0464547,0.434199,0.883943
reasoning,21,15,1.107058,1.0581003,0.403251,0.915192
reasoning,21,16,1.00215,0.6698009,0.364609,0.917657
reasoning,21,17,0.827659,0.9491351,0.323189,0.923694
reasoning,21,18,1.021187,1.2082148,0.516912,0.853117
reasoning,21,19,0.750745,0.7073254,0.316902,0.898585
reasoning,21,20,1.051755,1.243475,0.509403,0.866999
reasoning,21,21,1.112195,1.2647965,0.641924,0.825499
reasoning,21,22,0.695507,0.8671745,0.309528,0.917543
reasoning,21,23,1.042563,1.4827816,0.575567,0.844928
reasoning,22,0,0.607059,0.4884177,0.155896,0.972176
reasoning,22,1,1.199573,1.3791554,0.563124,0.867476
reasoning,22,2,0.867159,0.7690567,0.310726,0.933156
reasoning,22,3,0.642178,0.6530173,0.354417,0.896494
reasoning,22,4,0.469272,0.223846,0.100389,0.984559
reasoning,22,5,0.577441,0.3513323,0.134684,0.978094
reasoning,22,6,0.829123,0.9492438,0.301176,0.929879
reasoning,22,7,0.888507,0.6569785,0.317191,0.929804
reasoning,22,8,0.789401,0.6656716,0.302918,0.926815
reasoning,22,9,0.747711,0.5463817,0.195772,0.965832
reasoning,22,10,0.652671,0.4291877,0.163578,0.971903
reasoning,22,11,0.497337,0.2838296,0.10667,0.983517
reasoning,22,12,1.268069,1.5238599,0.575291,0.864296
reasoning,22,13,1.289444,1.1559085,0.510419,0.889727
reasoning,22,14,1.106008,2.3877554,1.152476,0.643177
reasoning,22,15,0.794839,1.3549157,0.572972,0.808948
reasoning,22,16,0.78736,1.207754,0.503244,0.853391
reasoning,22,17,0.759528,0.9578701,0.544454,0.818817
reasoning,22,18,0.563778,0.3087735,0.125052,0.980176
reasoning,22,19,0.743309,0.4666153,0.197156,0.963883
reasoning,22,20,0.737819,0.463719,0.176825,0.970834
reasoning,22,21,0.84795,0.8616654,0.313683,0.929655
reasoning,22,22,0.560804,0.4116473,0.159507,0.968767
reasoning,22,23,0.645533,0.6073037,0.252518,0.937144
reasoning,23,0,0.715764,0.8519872,0.821216,0.670091
reasoning,23,1,1.241342,1.1974468,0.41641,0.917066
reasoning,23,2,0.82878,1.0755399,0.839639,0.681399
reasoning,23,3,0.794508,0.6457981,0.222665,0.958466
reasoning,23,4,0.745813,0.5331108,0.185668,0.968534
reasoning,23,5,0.768656,0.4681538,0.203384,0.963421
reasoning,23,6,0.999782,1.3807237,0.419363,0.899347
reasoning,23,7,0.997648,0.9912985,0.322466,0.934645
reasoning,23,8,1.311341,2.6373298,0.992497,0.718466
reasoning,23,9,0.807008,0.6553815,0.240169,0.954047
reasoning,23,10,1.026421,1.2069411,0.533772,0.84852
reasoning,23,11,0.885041,0.9762133,0.319735,0.932156
reasoning,23,12,0.514319,0.3017139,0.112695,0.982336
reasoning,23,13,0.791038,0.9369032,0.360699,0.899743
reasoning,23,14,1.055609,1.5340524,1.06504,0.656182
reasoning,23,15,1.132534,1.5101784,0.781917,0.753193
reasoning,23,16,1.036158,2.0358162,0.759766,0.75855
reasoning,23,17,0.973327,2.5307665,0.946001,0.673352
reasoning,23,18,0.731895,0.4970853,0.198664,0.962498
reasoning,23,19,0.505349,0.3346955,0.123209,0.978698
reasoning,23,20,1.057508,2.6114492,1.017503,0.69583
reasoning,23,21,1.052031,1.0850377,0.399436,0.910766
reasoning,23,22,0.719592,0.7339117,0.347531,0.884017
reasoning,23,23,0.86656,2.9979579,1.163035,0.594669
reasoning,24,0,0.818322,0.5715913,0.219224,0.961001
reasoning,24,1,1.254114,1.9426502,0.738448,0.809217
reasoning,24,2,1.193133,1.6755244,0.581387,0.860009
reasoning,24,3,1.126785,1.059901,0.485067,0.88909
reasoning,24,4,0.868793,1.0726111,0.458491,0.871993
reasoning,24,5,1.064855,1.305108,0.478306,0.889683
reasoning,24,6,0.960177,1.6084206,1.0016,0.656604
reasoning,24,7,0.992053,1.8043061,0.641469,0.803965
reasoning,24,8,0.986042,2.0165937,0.940988,0.688408
reasoning,24,9,0.954244,1.5670131,0.693422,0.788393
reasoning,24,10,1.254962,2.9325738,1.097337,0.679173
reasoning,24,11,1.033025,1.5687568,0.888391,0.701074
reasoning,24,12,0.746626,3.2214005,1.392989,0.499298
reasoning,24,13,0.825958,0.5762769,0.274463,0.940664
reasoning,24,14,0.730297,0.4432997,0.176323,0.970256
reasoning,24,15,0.954805,1.1418394,0.501942,0.850975
reasoning,24,16,1.072291,1.6689703,0.896053,0.714583
reasoning,24,17,1.007778,1.5579007,0.472371,0.873276
reasoning,24,18,0.931409,0.9473652,0.279173,0.945458
reasoning,24,19,0.725962,0.5144507,0.18289,0.968398
reasoning,24,20,0.708875,0.4656682,0.168302,0.972108
reasoning,24,21,1.0062,1.4918545,0.520411,0.860667
reasoning,24,22,1.229717,1.2326263,0.499982,0.887227
reasoning,24,23,0.967785,1.166256,0.385447,0.911166
reasoning,25,0,0.814466,0.7917403,0.374818,0.884129
reasoning,25,1,0.552826,0.3091899,0.122831,0.980636
reasoning,25,2,0.677561,0.5778074,0.182541,0.966534
reasoning,25,3,0.500824,0.339111,0.116292,0.980146
reasoning,25,4,0.480563,0.2089369,0.096219,0.985782
reasoning,25,5,0.371864,0.2472444,0.133497,0.953101
reasoning,25,6,0.915489,2.0448046,1.126264,0.623628
reasoning,25,7,1.031116,1.5354469,0.852083,0.693397
reasoning,25,8,1.018739,2.9387467,1.038047,0.669495
reasoning,25,9,0.416727,0.2607272,0.094251,0.984284
reasoning,25,10,0.541211,0.3597594,0.124648,0.979192
reasoning,25,11,0.45011,0.304228,0.106894,0.981315
reasoning,25,12,0.944136,0.7652811,0.271006,0.949221
reasoning,25,13,0.809982,0.5528603,0.241876,0.952793
reasoning,25,14,0.615462,0.3153813,0.143968,0.975344
reasoning,25,15,1.012708,0.9390618,0.315739,0.94043
reasoning,25,16,0.860405,0.6406046,0.256062,0.950763
reasoning,25,17,0.669912,0.4268631,0.156299,0.974674
reasoning,25,18,0.687324,1.1062019,0.504277,0.836841
reasoning,25,19,0.520375,0.7766377,0.596507,0.754074
reasoning,25,20,0.765611,0.865274,0.550967,0.827251
reasoning,25,21,1.002165,2.9053094,1.144535,0.61503
reasoning,25,22,0.652544,0.5232915,0.182667,0.963783
reasoning,25,23,0.839597,3.0185797,1.325148,0.534373
reasoning,26,0,1.09741,1.7253841,0.799487,0.726885
reasoning,26,1,1.010466,1.5719552,0.904047,0.708542
reasoning,26,2,0.745278,2.0338588,1.268,0.549812
reasoning,26,3,1.105121,1.4569733,0.53472,0.859866
reasoning,26,4,1.260522,1.5686289,0.49361,0.89175
reasoning,26,5,0.723699,0.952516,0.287378,0.926182
reasoning,26,6,1.427965,1.8141301,0.702292,0.832715
reasoning,26,7,0.8082,2.2560408,1.22386,0.549731
reasoning,26,8,1.098216,1.3871777,0.535678,0.862483
reasoning,26,9,1.121108,1.2456493,0.516337,0.867562
reasoning,26,10,1.286613,1.5764079,0.69369,0.831711
reasoning,26,11,1.129945,1.5301973,0.502006,0.883532
reasoning,26,12,0.827986,2.869127,1.420077,0.496786
reasoning,26,13,0.909149,3.1746511,1.214828,0.564075
reasoning,26,14,0.751902,3.3487585,1.462652,0.470206
reasoning,26,15,1.051214,1.0467619,0.465837,0.887468
reasoning,26,16,1.107075,1.3841366,0.586392,0.844964
reasoning,26,17,1.276473,2.2698731,0.862687,0.749731
reasoning,26,18,1.103114,1.7972333,0.882397,0.707021
reasoning,26,19,0.785165,1.6192158,1.07145,0.599684
reasoning,26,20,0.99232,3.1074226,1.04162,0.659155
reasoning,26,21,0.849692,1.2367761,0.44944,0.87488
reasoning,26,22,0.994643,1.0307822,0.372574,0.922195
reasoning,26,23,1.21448,1.7829764,0.601062,0.853709
reasoning,27,0,0.701247,1.6771386,1.171124,0.509492
reasoning,27,1,0.902545,0.8371961,0.578488,0.817654
reasoning,27,2,0.901725,1.0625027,0.760143,0.744893
reasoning,27,3,1.246891,1.9110439,0.668052,0.812238
reasoning,27,4,1.010505,2.0894201,0.957891,0.681769
reasoning,27,5,0.797719,2.9819372,1.296501,0.52881
reasoning,27,6,0.598422,0.3392706,0.698497,0.697021
reasoning,27,7,0.669595,0.9644237,0.856177,0.612404
reasoning,27,8,1.104622,1.4091926,0.555815,0.847153
reasoning,27,9,1.062556,2.2549481,1.199281,0.593173
reasoning,27,10,1.348175,2.1689355,0.877315,0.768762
reasoning,27,11,0.566361,0.6335173,0.26161,0.930667
reasoning,27,12,0.544223,0.3336627,0.125497,0.979501
reasoning,27,13,0.801048,0.663637,0.212552,0.962069
reasoning,27,14,0.788589,0.7437813,0.233285,0.95445
reasoning,27,15,1.139374,1.6087025,0.515877,0.884759
reasoning,27,16,1.105189,1.0795777,0.366683,0.929045
reasoning,27,17,1.260289,1.9076629,0.736432,0.812525
reasoning,27,18,0.791332,1.1658869,0.769268,0.71886
reasoning,27,19,0.769176,2.0355134,1.089851,0.569276
reasoning,27,20,0.87511,1.5581876,0.941549,0.612005
reasoning,27,21,0.766584,3.3338151,1.272861,0.530859
reasoning,27,22,1.363901,1.5435663,0.690266,0.830809
reasoning,27,23,1.377283,2.6117339,0.897408,0.772343
creative,0,0,0.806429,1.7543923,0.764441,0.7262
creative,0,1,0.582145,1.2019931,0.999661,0.60176
creative,0,2,0.740043,0.7185073,0.295503,0.928547
creative,0,3,1.11556,1.5910525,0.666711,0.817144
creative,0,4,1.032085,1.2214574,0.636376,0.812618
creative,0,5,0.833675,2.0243013,0.980433,0.667046
creative,0,6,1.248025,2.8968725,0.94457,0.736369
creative,0,7,1.02151,3.6413236,1.230957,0.611785
creative,0,8,0.958493,3.0065095,1.154735,0.627435
creative,0,9,0.575832,0.4722954,0.182465,0.961096
creative,0,10,0.495807,0.4497001,0.147303,0.970018
creative,0,11,0.547355,0.7428902,0.295211,0.916042
creative,0,12,0.913619,0.8202879,0.418884,0.887855
creative,0,13,1.013999,3.3790503,1.07832,0.692935
creative,0,14,1.220992,2.5640686,1.162163,0.684929
creative,0,15,0.453444,3.8732843,1.589521,0.395654
creative,0,16,1.202664,1.4655743,0.504725,0.88837
creative,0,17,0.805462,3.4504938,1.476617,0.482453
creative,0,18,1.026389,2.6846132,1.16426,0.631019
creative,0,19,0.899469,2.2851965,1.106018,0.602634
creative,0,20,1.147218,3.2743082,1.118746,0.670395
creative,0,21,0.614385,1.528926,0.698774,0.775839
creative,0,22,0.002484,0.0003376,0.000285,0.999973
creative,0,23,0.014323,0.0034544,0.00207,0.99976
creative,1,0,1.155347,2.3972478,0.649025,0.821711
creative,1,1,1.238146,2.172529,0.741861,0.804792
creative,1,2,1.268746,1.2077372,0.421933,0.91753
creative,1,3,0.672172,0.5262588,0.252001,0.928961
creative,1,4,0.936729,0.9732452,0.530758,0.8371
creative,1,5,0.900751,1.3272117,0.6081,0.802966
creative,1,6,1.387392,2.8481424,0.91647,0.778874
creative,1,7,0.993171,0.6943455,0.257474,0.956115
creative,1,8,1.115127,1.7202075,0.813434,0.762288
creative,1,9,1.146727,1.1219115,0.371688,0.929203
creative,1,10,0.791524,0.6063077,0.26982,0.938324
creative,1,11,1.006086,0.8426455,0.310678,0.940081
creative,1,12,0.906309,1.2596275,0.517746,0.851187
creative,1,13,1.040713,1.626509,0.66482,0.810704
creative,1,14,0.823139,0.9829472,0.327791,0.92585
creative,1,15,0.580566,0.7371078,0.782018,0.683335
creative,1,16,1.095031,1.8294793,0.74641,0.79144
creative,1,17,0.599763,0.5618524,0.218945,0.949363
creative,1,18,0.806737,0.6557795,0.433919,0.877395
creative,1,19,0.895285,1.0701338,0.462596,0.862086
creative,1,20,0.827921,0.8356084,0.263068,0.94669
creative,1,21,1.177884,2.9414957,1.183625,0.66742
creative,1,22,1.228673,2.1843734,0.730975,0.801726
creative,1,23,1.394341,1.9586799,0.599296,0.863121
creative,2,0,1.07371,1.2833534,0.507924,0.876737
creative,2,1,0.761337,0.6230735,0.207072,0.962591
creative,2,2,0.96678,0.8913916,0.409108,0.900021
creative,2,3,1.487772,1.9789577,0.677038,0.853815
creative,2,4,0.973939,0.653546,0.265747,0.951767
creative,2,5,1.336619,2.3182836,0.774659,0.806955
creative,2,6,0.661929,0.61866,0.188925,0.963485
creative,2,7,0.984475,1.3068603,0.501892,0.868521
creative,2,8,1.211201,1.2047824,0.441995,0.906114
creative,2,9,0.594569,0.3546131,0.13419,0.978615
creative,2,10,0.426906,0.2258044,0.088431,0.986633
creative,2,11,0.503067,0.4484519,0.144398,0.97169
creative,2,12,1.128267,1.2735065,0.458405,0.896756
creative,2,13,1.130771,1.28275,0.514334,0.87833
creative,2,14,1.47957,2.3725686,0.755818,0.826286
creative,2,15,0.129995,0.0426194,0.021586,0.997212
creative,2,16,0.110133,0.0576375,0.022276,0.996529
creative,2,17,0.371768,0.3319171,0.11429,0.976261
creative,2,18,1.234281,1.3355618,0.521987,0.88154
creative,2,19,0.439476,0.232076,0.092423,0.985907
creative,2,20,0.911567,0.8066531,0.264542,0.950875
creative,2,21,0.923171,1.000517,0.43285,0.874053
creative,2,22,0.952891,1.2416164,0.362441,0.921513
creative,2,23,1.169413,1.7790529,0.510159,0.879339
creative,3,0,1.272049,1.2359384,0.499431,0.896498
creative,3,1,0.773869,0.5446406,0.197476,0.966058
creative,3,2,1.271808,2.3285234,0.839109,0.780729
creative,3,3,0.815344,0.7136081,0.304618,0.928151
creative,3,4,1.11582,1.2416985,0.427668,0.904935
creative,3,5,1.022689,0.9050258,0.352901,0.927136
creative,3,6,1.276075,1.6798018,0.700022,0.818231
creative,3,7,1.024502,1.5457277,0.580692,0.842531
creative,3,8,1.168392,1.4971362,0.518405,0.876811
creative,3,9,0.934334,0.7609999,0.348402,0.924414
creative,3,10,0.684713,0.5265671,0.195828,0.962754
creative,3,11,1.140923,1.2014462,0.524536,0.872853
creative,3,12,0.981792,1.1966252,0.475263,0.879572
creative,3,13,1.005276,1.2902519,0.569889,0.842262
creative,3,14,0.995403,2.2726409,0.811989,0.744715
creative,3,15,1.240165,1.2688658,0.413532,0.921048
creative,3,16,1.441506,2.8687067,0.841128,0.795469
creative,3,17,1.295901,1.2327148,0.501081,0.889538
creative,3,18,0.858729,1.0159868,0.39436,0.901418
creative,3,19,0.971919,1.441318,0.493109,0.863409
creative,3,20,0.59031,0.3789734,0.139446,0.976514
creative,3,21,1.323868,2.4018033,0.786014,0.80187
creative,3,22,1.304144,1.5327637,0.556595,0.877608
creative,3,23,0.889028,1.734556,0.682573,0.781337
creative,4,0,1.25078,1.3803186,0.423515,0.918043
creative,4,1,1.07592,1.164387,0.380217,0.919892
creative,4,2,0.769884,0.5241634,0.196666,0.966047
creative,4,3,1.18062,1.485361,0.570961,0.851551
creative,4,4,1.129758,2.1541433,0.839593,0.747484
creative,4,5,1.139423,1.3864585,0.652689,0.807465
creative,4,6,1.265812,2.8120308,0.986004,0.727587
creative,4,7,1.30688,2.3204651,0.782219,0.797624
creative,4,8,1.22586,2.4186971,0.733921,0.788933
creative,4,9,0.833239,0.5563819,0.64263,0.798718
creative,4,10,1.160916,1.512205,0.678376,0.805503
creative,4,11,0.811835,0.837503,0.458158,0.866004
creative,4,12,1.271911,1.6447941,0.582274,0.866084
creative,4,13,1.076324,1.0112205,0.434306,0.90013
creative,4,14,0.375907,0.5585465,0.148081,0.964474
creative,4,15,1.344366,1.4589804,0.475674,0.90503
creative,4,16,0.825765,0.5483311,0.235971,0.955744
creative,4,17,1.003633,1.016458,0.346809,0.926304
creative,4,18,1.195043,1.8086058,0.865927,0.753886
creative,4,19,1.208221,1.5679564,0.547116,0.875405
creative,4,20,1.226508,1.9839065,0.822241,0.776608
creative,4,21,0.214857,0.0761518,0.035592,0.995434
creative,4,22,0.477383,0.2328646,0.096873,0.98568
creative,4,23,1.106279,1.31189,0.536832,0.864642
creative,5,0,0.958459,0.996237,0.302494,0.941232
creative,5,1,0.976348,1.3533697,0.600039,0.825051
creative,5,2,1.205749,2.0991321,0.644674,0.838371
creative,5,3,0.879418,0.6862013,0.288389,0.940068
creative,5,4,0.909525,0.7139543,0.300106,0.937966
creative,5,5,0.809371,0.5598894,0.210882,0.963268
creative,5,6,0.190773,0.0953933,0.051802,0.989637
creative,5,7,0.110938,0.0418021,0.02783,0.994819
creative,5,8,0.430616,0.2583057,0.132674,0.971201
creative,5,9,1.152063,2.6284497,0.964064,0.716179
creative,5,10,1.012046,1.4113392,0.787436,0.766497
creative,5,11,1.301198,1.9357276,0.721382,0.819736
creative,5,12,1.13602,2.4797418,0.966037,0.71349
creative,5,13,1.421961,1.8425175,0.818577,0.798899
creative,5,14,1.244927,2.1290231,0.861097,0.752118
creative,5,15,0.884261,0.7491336,0.244337,0.955896
creative,5,16,0.897436,0.5891253,0.263328,0.94776
creative,5,17,0.753415,0.4359601,0.212484,0.957642
creative,5,18,1.336036,2.0693409,0.599638,0.865191
creative,5,19,1.363731,2.0748029,0.725048,0.828291
creative,5,20,1.425286,1.7221977,0.588175,0.873151
creative,5,21,1.294512,2.3691528,0.82829,0.785877
creative,5,22,1.218427,2.1167157,0.777794,0.78374
creative,5,23,1.147003,1.5978873,0.576916,0.852557
creative,6,0,1.109791,1.1453161,0.468404,0.894249
creative,6,1,0.296069,0.1334398,0.055968,0.992063
creative,6,2,1.090317,1.4830118,0.577669,0.846667
creative,6,3,1.344605,1.7803597,0.826668,0.779658
creative,6,4,1.203195,1.5637641,0.564582,0.870269
creative,6,5,1.161474,1.8100821,0.774618,0.778989
creative,6,6,1.062924,1.6677712,0.837741,0.747024
creative,6,7,1.178315,2.0014355,0.718008,0.807591
creative,6,8,1.128292,1.905684,0.71006,0.806825
creative,6,9,1.268122,1.9376489,0.831234,0.77642
creative,6,10,1.32277,1.8379656,0.596653,0.866863
creative,6,11,1.162715,2.0765347,0.877681,0.744356
creative,6,12,1.170983,1.444418,0.744534,0.794367
creative,6,13,1.291015,1.2316206,0.440882,0.913228
creative,6,14,1.183236,1.8531048,0.664428,0.827196
creative,6,15,1.172445,3.2970676,1.11592,0.681196
creative,6,16,1.363454,2.2837939,0.81633,0.791276
creative,6,17,0.95997,1.4092842,0.665646,0.790724
creative,6,18,0.6806,0.3959511,0.167372,0.970917
creative,6,19,0.440601,0.2349828,0.09246,0.985779
creative,6,20,1.456313,1.5607558,0.586818,0.874989
creative,6,21,0.67357,0.5291498,0.172043,0.969894
creative,6,22,0.641927,0.6725478,0.406332,0.852045
creative,6,23,1.209065,2.0434983,0.855717,0.762848
creative,7,0,0.876683,2.2742431,1.155839,0.591322
creative,7,1,0.863899,1.8476393,1.14487,0.600942
creative,7,2,0.84701,0.8448732,0.295544,0.936173
creative,7,3,1.473537,2.5712719,0.720226,0.837751
creative,7,4,1.369343,1.4117697,0.508638,0.896002
creative,7,5,1.315359,1.9096011,0.584727,0.866147
creative,7,6,1.267668,2.4344697,1.057166,0.702884
creative,7,7,1.232107,2.5870831,0.884655,0.757935
creative,7,8,1.095575,2.1839461,0.791752,0.762782
creative,7,9,1.090042,2.5108004,1.018731,0.695494
creative,7,10,1.042312,1.1888671,0.54709,0.855455
creative,7,11,1.333389,2.2847371,0.77319,0.809604
creative,7,12,1.223756,2.6718507,0.835278,0.786978
creative,7,13,1.272286,1.8591208,0.697706,0.8177
creative,7,14,1.292993,2.3120215,0.909019,0.747749
creative,7,15,1.389563,3.0960379,1.077202,0.719862
creative,7,16,1.06239,3.5306597,1.203717,0.648696
creative,7,17,1.089376,1.0845624,0.48309,0.883845
creative,7,18,0.82781,0.7958829,0.471856,0.834556
creative,7,19,1.152223,1.15388,0.484117,0.888713
creative,7,20,1.205465,1.2212225,0.459456,0.902202
creative,7,21,1.146118,2.0905585,0.779706,0.767546
creative,7,22,1.221014,2.5786955,0.911041,0.746642
creative,7,23,1.430295,1.9228882,0.674166,0.847442
creative,8,0,0.992434,0.8283395,0.323176,0.934826
creative,8,1,1.24558,1.1694031,0.433954,0.912714
creative,8,2,0.276782,0.1404521,0.062038,0.989777
creative,8,3,0.967313,2.2020857,1.170409,0.609684
creative,8,4,1.062217,1.1480795,0.730667,0.783428
creative,8,5,1.18736,2.2766974,0.986778,0.718193
creative,8,6,0.598288,0.4245082,0.154427,0.972537
creative,8,7,1.093563,0.913595,0.322294,0.94106
creative,8,8,0.612994,0.6006795,0.243348,0.941807
creative,8,9,0.960714,2.8418427,0.990114,0.669302
creative,8,10,1.199962,1.5119526,0.458694,0.901449
creative,8,11,1.064649,2.6183407,0.992171,0.707396
creative,8,12,1.002185,2.3763964,1.160529,0.607994
creative,8,13,1.27173,2.7646697,0.992184,0.73395
creative,8,14,1.156713,2.5417118,0.962159,0.701199
creative,8,15,1.217561,2.8098764,1.000191,0.718085
creative,8,16,1.240894,3.7902429,1.104421,0.698655
creative,8,17,0.974735,1.2528805,0.903573,0.68383
creative,8,18,0.943485,1.2058339,0.427554,0.890613
creative,8,19,1.164281,1.4530352,0.461382,0.900523
creative,8,20,1.172513,2.619514,0.799523,0.790495
creative,8,21,1.394212,1.9109671,0.587868,0.873384
creative,8,22,1.082557,2.2624466,0.830231,0.759866
creative,8,23,1.214347,1.8299353,0.718225,0.814964
creative,9,0,1.375526,2.6766276,0.880262,0.772013
creative,9,1,1.090487,1.4862419,0.679391,0.790501
creative,9,2,0.972402,2.8329933,1.198554,0.624453
creative,9,3,1.185016,1.6065108,0.72026,0.797069
creative,9,4,1.41872,1.8788975,0.648281,0.85274
creative,9,5,1.093856,0.8658758,0.310581,0.944549
creative,9,6,0.978245,3.0817146,1.15418,0.637829
creative,9,7,0.852261,2.7328146,1.281143,0.581697
creative,9,8,0.74126,1.4601406,1.114192,0.582231
creative,9,9,1.259009,1.3842942,0.494184,0.896155
creative,9,10,1.1427,1.7310255,0.603788,0.853243
creative,9,11,1.270655,1.347085,0.486304,0.898169
creative,9,12,1.392856,1.9501302,0.799509,0.804716
creative,9,13,1.437117,2.1708066,0.722813,0.831277
creative,9,14,1.178475,2.27092,0.923125,0.740031
creative,9,15,1.280329,1.4113786,0.451046,0.910493
creative,9,16,1.340248,2.2388077,0.610184,0.864287
creative,9,17,1.321187,2.3075507,0.703413,0.836289
creative,9,18,1.271817,2.7857826,0.707412,0.820307
creative,9,19,0.796326,0.864708,0.244913,0.95096
creative,9,20,0.908435,0.9684798,0.441276,0.879743
creative,9,21,1.330006,2.1917655,0.903381,0.761421
creative,9,22,1.335834,2.7056193,0.824738,0.791792
creative,9,23,1.114771,1.9322391,0.572034,0.862969
creative,10,0,1.069884,2.1273437,0.994218,0.689011
creative,10,1,1.201149,3.1130152,0.980874,0.729795
creative,10,2,1.185635,2.7796795,1.029622,0.710742
creative,10,3,0.874467,0.9512446,0.291067,0.939293
creative,10,4,0.851319,0.7629577,0.36264,0.900886
creative,10,5,1.080701,0.9805068,0.35177,0.929509
creative,10,6,1.489446,2.2979271,0.767475,0.821545
creative,10,7,1.033677,1.9848075,0.987878,0.682853
creative,10,8,1.313154,2.373311,0.844147,0.785525
creative,10,9,1.272388,2.3000009,0.71844,0.822561
creative,10,10,1.284845,2.2136178,0.972974,0.726954
creative,10,11,1.184221,1.3288195,0.486248,0.891374
creative,10,12,0.891916,2.056545,1.146611,0.611851
creative,10,13,0.789536,3.6032517,1.342718,0.55769
creative,10,14,0.677801,2.5134544,1.359604,0.494595
creative,10,15,1.439867,1.7054517,0.557725,0.883457
creative,10,16,1.320905,1.7025796,0.68281,0.833966
creative,10,17,1.332327,2.3780603,1.03328,0.723005
creative,10,18,1.203423,3.0893395,1.07642,0.697394
creative,10,19,1.191942,2.4369502,1.05602,0.695202
creative,10,20,1.240036,2.2634122,0.932767,0.736397
creative,10,21,0.493609,0.3199911,0.11459,0.980756
creative,10,22,1.058681,0.941636,0.305216,0.943688
creative,10,23,1.222304,1.2856164,0.405333,0.921813
creative,11,0,1.150487,3.5660062,1.169675,0.665142
creative,11,1,1.38181,2.3368549,0.754637,0.820439
creative,11,2,1.353366,2.8625162,1.018951,0.731537
creative,11,3,1.06795,3.0089245,1.068216,0.684239
creative,11,4,1.182649,2.3610184,0.914845,0.744182
creative,11,5,1.179365,1.8998746,0.921846,0.723809
creative,11,6,1.48934,2.3235784,0.776581,0.821002
creative,11,7,1.123899,3.0775957,1.104962,0.677264
creative,11,8,1.098673,2.8862464,1.076317,0.682037
creative,11,9,1.257683,2.7713048,0.831478,0.771141
creative,11,10,0.960582,3.756227,1.302403,0.58036
creative,11,11,0.722521,2.620609,1.436137,0.524586
creative,11,12,1.093066,2.5803881,0.84844,0.762368
creative,11,13,0.995565,2.4484799,1.133221,0.648929
creative,11,14,0.955131,1.8787954,0.794371,0.748197
creative,11,15,1.124312,2.4424901,1.049248,0.670659
creative,11,16,1.012808,2.8982832,1.195798,0.63127
creative,11,17,1.099173,1.3857408,0.541591,0.864234
creative,11,18,1.136173,1.9120425,1.001892,0.685611
creative,11,19,0.888512,3.6079495,1.214665,0.610501
creative,11,20,1.248365,2.7150733,1.028026,0.718491
creative,11,21,1.296017,2.6626573,0.836993,0.780321
creative,11,22,0.926775,2.7360008,1.172657,0.600896
creative,11,23,1.067987,2.3192947,1.036746,0.668077
creative,12,0,1.213122,1.635227,0.759204,0.774624
creative,12,1,1.002043,1.337368,0.740576,0.740563
creative,12,2,1.119721,2.830276,1.080659,0.676488
creative,12,3,0.753521,0.5266687,0.195833,0.965823
creative,12,4,0.968851,0.8425962,0.282356,0.948346
creative,12,5,1.119702,2.1737761,0.778108,0.769502
creative,12,6,1.045196,1.4189901,0.777051,0.749423
creative,12,7,1.178044,2.2851837,0.843305,0.74624
creative,12,8,1.228802,2.3881435,0.782245,0.778392
creative,12,9,1.096226,1.1153009,0.590628,0.833533
creative,12,10,1.096296,1.9758869,0.862101,0.718408
creative,12,11,1.128277,2.4385309,0.876117,0.74851
creative,12,12,1.153422,2.4195886,0.960399,0.708571
creative,12,13,1.355897,2.1134908,0.657295,0.844191
creative,12,14,1.423259,2.3301425,0.871802,0.77574
creative,12,15,0.917576,1.0847957,0.515767,0.841886
creative,12,16,0.809716,1.1176192,0.639234,0.764578
creative,12,17,1.079096,2.5465066,1.082002,0.673657
creative,12,18,1.09002,1.2995597,0.430011,0.904757
creative,12,19,0.439363,0.1930309,0.086826,0.987406
creative,12,20,0.586905,0.339897,0.130316,0.979525
creative,12,21,0.781579,1.4186352,1.029744,0.514654
creative,12,22,1.240031,1.8433188,0.840834,0.769234
creative,12,23,0.889079,3.2367432,1.326049,0.57618
creative,13,0,1.111766,1.9791881,0.817184,0.756357
creative,13,1,1.031471,1.5330324,0.657633,0.793503
creative,13,2,1.163222,1.3144815,0.601411,0.84635
creative,13,3,1.212475,1.3958553,0.439111,0.907357
creative,13,4,1.125234,1.8064928,0.813065,0.756656
creative,13,5,1.352731,1.9906174,0.737076,0.813517
creative,13,6,0.539393,1.5571628,1.026241,0.553013
creative,13,7,0.897091,2.8507645,1.295083,0.575171
creative,13,8,0.874557,3.4584627,1.357333,0.566632
creative,13,9,1.244635,1.9148536,0.758456,0.802092
creative,13,10,1.1902,2.6979723,1.111187,0.6726
creative,13,11,1.317578,2.0993259,0.955035,0.744397
creative,13,12,1.0992,1.142772,0.476556,0.886546
creative,13,13,0.492628,0.5039632,0.145993,0.970826
creative,13,14,0.495941,1.2622797,0.437718,0.841078
creative,13,15,1.198721,2.4838974,0.970521,0.715516
creative,13,16,0.99654,0.8898132,0.397723,0.907647
creative,13,17,1.377606,2.2691886,0.735678,0.822569
creative,13,18,1.081127,2.6166785,1.010592,0.698501
creative,13,19,1.40248,2.493624,0.88874,0.779784
creative,13,20,1.393646,2.0754848,0.852927,0.783613
creative,13,21,1.374097,1.9083744,0.728559,0.821868
creative,13,22,1.166077,1.0615412,0.498955,0.880946
creative,13,23,0.942011,0.8375348,0.542781,0.829827
creative,14,0,0.904636,2.7747827,1.112517,0.60287
creative,14,1,0.16134,0.0632388,0.027451,0.996389
creative,14,2,0.19543,0.0823949,0.036396,0.994841
creative,14,3,0.856905,2.313652,1.226186,0.572181
creative,14,4,0.622253,3.1537988,1.42731,0.432695
creative,14,5,0.597201,3.2618649,1.515569,0.444034
creative,14,6,0.910071,2.8292599,1.246601,0.591361
creative,14,7,1.159202,3.3524282,1.237829,0.643331
creative,14,8,0.893715,2.7354085,1.333503,0.543658
creative,14,9,0.986392,2.4210641,0.97068,0.673553
creative,14,10,1.138094,1.1980176,0.566789,0.846938
creative,14,11,1.00955,0.9483678,0.62141,0.790669
creative,14,12,0.948523,0.7577119,0.260052,0.953688
creative,14,13,1.024313,0.8326654,0.286736,0.948203
creative,14,14,1.316695,1.5971047,0.489013,0.899018
creative,14,15,1.355657,2.7793128,0.883085,0.775139
creative,14,16,1.269072,2.8275816,0.949123,0.7418
creative,14,17,1.08873,1.4988351,0.639965,0.816178
creative,14,18,0.916973,2.5122309,1.277827,0.5354
creative,14,19,1.026261,3.527055,1.324131,0.59965
creative,14,20,1.315171,3.2236369,1.07124,0.713632
creative,14,21,0.885768,0.6687072,0.247487,0.955315
creative,14,22,0.12589,0.0549503,0.022092,0.997003
creative,14,23,0.796865,2.7168093,1.199079,0.550088
creative,15,0,1.21877,1.5552537,0.676247,0.820834
creative,15,1,1.251733,1.3088497,0.487156,0.894471
creative,15,2,1.127653,2.0199518,1.074704,0.676704
creative,15,3,1.141985,1.5040913,0.894827,0.735013
creative,15,4,1.008271,2.285078,1.047291,0.660814
creative,15,5,1.153262,1.4232956,0.860556,0.736214
creative,15,6,0.69033,0.4455072,0.166911,0.972201
creative,15,7,0.926752,0.7149034,0.255881,0.95487
creative,15,8,0.963004,1.607023,0.975503,0.687583
creative,15,9,0.96624,2.7673106,1.222877,0.590875
creative,15,10,0.876779,2.6893494,1.317218,0.580635
creative,15,11,0.729449,2.8951948,1.361894,0.487358
creative,15,12,0.380551,0.1919214,0.077868,0.988222
creative,15,13,0.309073,0.1225041,0.057202,0.992026
creative,15,14,0.96811,1.6745541,0.487772,0.873348
creative,15,15,1.234852,2.1316955,0.915203,0.743016
creative,15,16,1.338498,2.173363,0.861218,0.763917
creative,15,17,1.24292,1.7170523,0.600264,0.852483
creative,15,18,0.88091,0.754272,0.276113,0.945824
creative,15,19,0.661756,0.5082261,0.169462,0.970051
creative,15,20,0.896492,0.9132901,0.274685,0.946463
creative,15,21,1.200939,1.3591286,0.598164,0.852456
creative,15,22,0.898662,1.1223704,0.464173,0.872762
creative,15,23,1.169749,1.8886813,0.644433,0.833137
creative,16,0,0.768418,0.4693638,0.21323,0.959158
creative,16,1,1.2272,2.3580556,0.818067,0.77782
creative,16,2,0.583513,0.3871652,0.159874,0.969997
creative,16,3,0.25066,0.1246792,0.050304,0.992401
creative,16,4,0.793473,1.2615875,0.663316,0.752778
creative,16,5,0.727028,0.4924805,0.176585,0.970671
creative,16,6,0.943437,0.7721578,0.45571,0.87284
creative,16,7,1.006832,0.7890125,0.310993,0.940568
creative,16,8,1.266324,2.2821529,0.711655,0.82448
creative,16,9,0.989539,2.5289505,1.079441,0.660986
creative,16,10,1.130504,1.0601608,0.481903,0.884698
creative,16,11,0.911471,2.3125517,1.080151,0.629278
creative,16,12,0.809342,0.8389667,0.317345,0.924721
creative,16,13,0.628112,0.4019004,0.168932,0.968872
creative,16,14,0.79836,0.5500935,0.218003,0.960098
creative,16,15,0.499762,0.3010949,0.112108,0.982149
creative,16,16,0.794969,0.5127792,0.193711,0.967882
creative,16,17,0.800745,0.5621048,0.200561,0.966004
creative,16,18,1.221771,2.080946,0.777711,0.785706
creative,16,19,0.88752,1.5708712,0.821158,0.715899
creative,16,20,1.280946,2.2218986,0.782891,0.80067
creative,16,21,1.197004,1.7435353,0.627511,0.838155
creative,16,22,0.423581,0.1925657,0.083243,0.987983
creative,16,23,0.887873,1.021367,0.393803,0.902127
creative,17,0,0.434567,0.2160025,0.095036,0.984743
creative,17,1,0.590543,0.3461758,0.133623,0.978799
creative,17,2,0.989056,1.0752875,0.340956,0.929369
creative,17,3,0.286772,0.1400893,0.056698,0.991454
creative,17,4,0.324514,0.168715,0.064248,0.990509
creative,17,5,0.906108,1.1325403,0.490593,0.867825
creative,17,6,0.881422,1.7067065,1.005494,0.649455
creative,17,7,0.932823,1.9725091,0.754346,0.740921
creative,17,8,1.011899,1.8300118,0.981297,0.666806
creative,17,9,0.210708,0.1052416,0.042796,0.993571
creative,17,10,0.354546,0.158084,0.067394,0.99045
creative,17,11,0.344045,0.1424278,0.069299,0.989663
creative,17,12,0.726604,0.4468496,0.205202,0.960743
creative,17,13,1.014747,1.0004737,0.313314,0.940527
creative,17,14,1.053822,0.7898244,0.303886,0.944731
creative,17,15,1.231113,1.7232801,0.512814,0.883789
creative,17,16,0.768129,0.8799872,0.508094,0.82081
creative,17,17,1.2108,1.4463232,0.437315,0.909786
creative,17,18,0.788636,0.557757,0.215314,0.96069
creative,17,19,0.779024,0.9604847,0.309595,0.927975
creative,17,20,0.751198,0.8979031,0.251944,0.946521
creative,17,21,0.776008,0.5169404,0.206667,0.962243
creative,17,22,0.978465,1.0512351,0.395578,0.909976
creative,17,23,1.092768,1.1079477,0.430912,0.902892
creative,18,0,0.882275,1.6243527,0.644066,0.788558
creative,18,1,0.764041,0.7696531,0.253117,0.946864
creative,18,2,0.515247,0.3893429,0.128484,0.977455
creative,18,3,0.77381,0.5507073,0.229062,0.956479
creative,18,4,0.470406,0.2627715,0.100984,0.984342
creative,18,5,0.716096,0.6961845,0.259176,0.934718
creative,18,6,0.963261,2.5062973,0.871888,0.71224
creative,18,7,1.070293,1.5761379,0.683453,0.784461
creative,18,8,1.206033,1.816918,0.59797,0.850279
creative,18,9,1.089481,1.0811834,0.379928,0.922355
creative,18,10,0.575175,0.3805458,0.144437,0.975122
creative,18,11,0.817098,0.6130044,0.220438,0.960668
creative,18,12,0.378786,0.2004586,0.079002,0.987966
creative,18,13,0.665602,0.4996434,0.203438,0.957499
creative,18,14,0.782855,0.5478165,0.196262,0.966594
creative,18,15,0.175499,0.0783514,0.033433,0.995145
creative,18,16,0.88413,0.8072663,0.266051,0.95007
creative,18,17,1.075301,2.0435379,0.599822,0.842599
creative,18,18,0.385605,0.2943543,0.097209,0.982094
creative,18,19,0.672159,0.4732381,0.175083,0.969106
creative,18,20,1.139708,1.5146716,0.566748,0.860809
creative,18,21,0.990289,1.0358441,0.838523,0.737839
creative,18,22,1.019575,1.4180603,0.474238,0.887618
creative,18,23,1.17363,1.7712642,0.644219,0.842238
creative,19,0,0.742756,0.7030895,0.215115,0.959058
creative,19,1,0.869219,1.2736604,0.940617,0.663028
creative,19,2,1.045877,1.4295831,0.920946,0.703827
creative,19,3,0.85115,1.6798393,0.653453,0.789546
creative,19,4,0.944967,1.2866285,0.788425,0.74988
creative,19,5,0.946568,2.2835202,0.638074,0.812956
creative,19,6,0.881651,1.6733633,0.866317,0.698199
creative,19,7,0.592662,1.2358295,1.111102,0.504045
creative,19,8,0.869517,0.7128566,0.277299,0.944496
creative,19,9,1.066192,1.4077393,0.639749,0.826666
creative,19,10,0.960492,1.440639,0.615877,0.8195
creative,19,11,1.182271,1.5821613,0.72386,0.803663
creative,19,12,0.912103,0.805819,0.274865,0.946847
creative,19,13,0.741974,1.9097559,1.124682,0.572696
creative,19,14,1.068683,1.0372362,0.411797,0.895749
creative,19,15,0.396458,0.1702801,0.082987,0.987249
creative,19,16,0.464349,0.23293,0.104998,0.982873
creative,19,17,0.702003,0.5516886,0.179929,0.968431
creative,19,18,0.838413,0.7439024,0.487205,0.843503
creative,19,19,1.234386,1.6820691,0.600125,0.852997
creative,19,20,1.110278,1.4365513,0.414135,0.910556
creative,19,21,0.28461,0.1284278,0.053356,0.992394
creative,19,22,0.342018,0.1861202,0.068157,0.989783
creative,19,23,0.450581,0.3363021,0.111167,0.980231
creative,20,0,1.099604,2.1013455,0.716281,0.79145
creative,20,1,0.927427,1.1036198,0.531396,0.833983
creative,20,2,0.784696,0.6022227,0.3383,0.893145
creative,20,3,0.578915,0.3833742,0.136925,0.977138
creative,20,4,0.492485,0.2707388,0.107015,0.983274
creative,20,5,0.61044,0.6347623,0.177774,0.964712
creative,20,6,1.044897,1.4408135,0.680077,0.797111
creative,20,7,1.140595,2.0594893,0.800336,0.772795
creative,20,8,0.869247,0.8553767,0.258268,0.949839
creative,20,9,0.551957,0.3091271,0.125276,0.979916
creative,20,10,0.481394,0.3077275,0.109488,0.982127
creative,20,11,0.65065,0.3577566,0.162033,0.971939
creative,20,12,0.864906,1.0479393,0.542104,0.818056
creative,20,13,1.065652,1.3142246,0.524341,0.869219
creative,20,14,0.748143,0.6281554,0.205665,0.96251
creative,20,15,1.033278,1.2269397,0.558675,0.843545
creative,20,16,0.885244,0.8993885,0.283721,0.943566
creative,20,17,0.916311,0.8852907,0.380633,0.910909
creative,20,18,0.890739,0.758152,0.276023,0.945552
creative,20,19,1.191671,1.5961055,0.648738,0.833394
creative,20,20,1.038298,1.2402488,0.366615,0.923936
creative,20,21,0.92533,1.1235187,0.590829,0.82036
creative,20,22,0.850303,1.1333563,0.607001,0.788747
creative,20,23,0.828169,1.2733815,0.656347,0.776528
creative,21,0,0.929774,0.7953719,0.257533,0.953503
creative,21,1,0.973051,0.830608,0.401752,0.894652
creative,21,2,1.083504,1.7740004,0.574935,0.852144
creative,21,3,0.56518,0.5169278,0.176683,0.962936
creative,21,4,0.27917,0.1538884,0.05795,0.9909
creative,21,5,0.340758,0.1694822,0.069684,0.989613
creative,21,6,0.718698,0.6215965,0.242849,0.947015
creative,21,7,0.494062,0.4322453,0.244753,0.929825
creative,21,8,0.696835,0.7364012,0.359503,0.898342
creative,21,9,1.156933,1.7674108,0.589175,0.850419
creative,21,10,1.024711,1.2837418,0.458438,0.883636
creative,21,11,0.82755,1.3414234,0.597448,0.80701
creative,21,12,0.347035,0.1813663,0.071557,0.989016
creative,21,13,0.350337,0.1881246,0.07368,0.98863
creative,21,14,0.521833,0.361807,0.12391,0.978898
creative,21,15,0.314834,0.1782932,0.067104,0.989343
creative,21,16,0.468406,0.2318957,0.154252,0.962167
creative,21,17,0.215624,0.0855734,0.035868,0.995415
creative,21,18,0.464321,0.2384549,0.096453,0.985519
creative,21,19,0.389953,0.2095845,0.080825,0.987693
creative,21,20,0.441174,0.245814,0.094446,0.985334
creative,21,21,0.964934,1.3524677,0.778076,0.749231
creative,21,22,0.785137,1.234243,0.416404,0.880184
creative,21,23,0.914347,1.5110327,0.605321,0.8234
creative,22,0,0.576339,0.3475651,0.130934,0.978935
creative,22,1,0.921979,0.9737384,0.310721,0.937783
creative,22,2,0.532986,0.3845671,0.137778,0.975639
creative,22,3,0.179549,0.0551145,0.029117,0.996342
creative,22,4,0.237937,0.0835282,0.041144,0.994569
creative,22,5,0.214535,0.0703369,0.03591,0.995386
creative,22,6,1.033738,1.0726727,0.353694,0.925578
creative,22,7,0.785774,0.6731117,0.24765,0.949723
creative,22,8,0.471243,0.3267653,0.116004,0.980239
creative,22,9,0.166871,0.0551644,0.026495,0.996726
creative,22,10,0.264135,0.1206857,0.051008,0.992543
creative,22,11,0.256643,0.0974781,0.045735,0.993816
creative,22,12,0.880826,1.0966744,0.465184,0.868753
creative,22,13,1.096101,1.4770564,0.541509,0.865662
creative,22,14,0.854215,1.2051345,0.687572,0.773908
creative,22,15,0.756753,0.9182506,0.538761,0.820618
creative,22,16,0.742923,0.9367741,0.514258,0.840517
creative,22,17,0.767809,1.0243359,0.547686,0.831527
creative,22,18,0.906936,0.6573322,0.273752,0.947753
creative,22,19,0.789361,0.5455784,0.207017,0.963601
creative,22,20,1.12735,1.4964488,0.635954,0.822332
creative,22,21,0.734103,0.7264989,0.257853,0.944725
creative,22,22,0.612073,0.6968763,0.257631,0.935826
creative,22,23,0.742758,0.7804243,0.335549,0.915929
creative,23,0,0.507096,0.3180797,0.716141,0.678759
creative,23,1,1.117733,1.3151953,0.464612,0.893558
creative,23,2,0.756437,1.1440123,0.698607,0.735478
creative,23,3,0.626255,0.4518935,0.155944,0.973414
creative,23,4,0.623821,0.5145348,0.175296,0.966064
creative,23,5,0.505981,0.2917813,0.108252,0.983247
creative,23,6,0.894509,1.5812763,0.403042,0.896717
creative,23,7,0.934009,0.8281131,0.264335,0.951188
creative,23,8,1.178121,2.6422062,0.90292,0.752886
creative,23,9,0.350522,0.1666117,0.079123,0.986858
creative,23,10,0.662159,0.5702551,0.179153,0.966983
creative,23,11,0.280887,0.1207501,0.050896,0.993028
creative,23,12,0.569583,0.368384,0.156808,0.969428
creative,23,13,0.837746,0.894048,0.308513,0.92902
creative,23,14,1.057687,1.7854663,0.776856,0.768827
creative,23,15,1.187651,1.5410969,0.738425,0.789973
creative,23,16,0.972825,1.1941359,0.822546,0.715525
creative,23,17,1.108158,1.8663067,0.723558,0.791821
creative,23,18,0.805372,0.5725307,0.204142,0.965235
creative,23,19,0.673217,0.6235211,0.187264,0.964479
creative,23,20,1.146103,2.3539543,0.785987,0.784592
creative,23,21,0.669375,0.409985,0.233438,0.944001
creative,23,22,0.585433,0.5332641,0.15893,0.969938
creative,23,23,1.055262,1.576019,0.676445,0.805422
creative,24,0,0.730461,0.5207063,0.214569,0.95753
creative,24,1,0.937891,0.8766541,0.352893,0.922913
creative,24,2,0.75714,0.5738907,0.20352,0.963431
creative,24,3,0.431653,0.2352673,0.090213,0.986314
creative,24,4,0.349317,0.1784807,0.074441,0.988392
creative,24,5,0.432572,0.2456637,0.093889,0.985253
creative,24,6,1.063936,1.7701989,0.786556,0.767969
creative,24,7,0.947472,1.1718464,0.615945,0.803971
creative,24,8,0.952243,2.4317627,0.971093,0.667499
creative,24,9,0.86453,1.2238631,0.510827,0.855933
creative,24,10,1.316551,2.7637985,1.043028,0.722841
creative,24,11,0.814567,1.0509932,0.619904,0.771278
creative,24,12,1.001721,1.8174188,0.83156,0.732307
creative,24,13,1.029747,1.0910306,0.417205,0.904487
creative,24,14,0.618749,0.3162568,0.153104,0.973692
creative,24,15,0.600625,0.418598,0.148959,0.974583
creative,24,16,0.783056,0.6953025,0.233698,0.95355
creative,24,17,0.523476,0.2760247,0.120955,0.98019
creative,24,18,0.731364,0.5324602,0.192326,0.965622
creative,24,19,0.592535,0.4788019,0.159385,0.970304
creative,24,20,0.632985,0.4423678,0.151928,0.974103
creative,24,21,0.759023,0.886036,0.326485,0.910668
creative,24,22,0.814258,0.656337,0.28212,0.93771
creative,24,23,0.78574,0.7565342,0.266893,0.944014
creative,25,0,0.671849,0.6070363,0.393294,0.865241
creative,25,1,0.458463,0.2480091,0.095949,0.985389
creative,25,2,0.645909,0.4733234,0.16615,0.970739
creative,25,3,0.841196,0.6242907,0.223196,0.960587
creative,25,4,0.702728,0.4468839,0.163598,0.973594
creative,25,5,0.539403,0.316917,0.121773,0.980369
creative,25,6,1.011923,1.9951627,0.731183,0.778065
creative,25,7,0.659632,0.5606482,0.826799,0.619515
creative,25,8,1.092784,1.3665527,0.764403,0.776227
creative,25,9,0.752934,0.4983486,0.210444,0.960305
creative,25,10,0.889487,0.8323667,0.291425,0.939791
creative,25,11,0.577747,0.3481613,0.139127,0.976551
creative,25,12,0.921199,0.6996297,0.275805,0.944501
creative,25,13,0.839532,0.6354417,0.229089,0.957691
creative,25,14,0.70455,0.4632297,0.169494,0.971695
creative,25,15,0.413684,0.1878753,0.081411,0.988177
creative,25,16,0.442618,0.3156258,0.10369,0.982106
creative,25,17,0.509347,0.2930445,0.110324,0.982746
creative,25,18,0.659094,1.9938153,0.543552,0.806535
creative,25,19,0.568967,1.1257174,0.453431,0.839498
creative,25,20,0.619476,1.0573208,0.607441,0.766284
creative,25,21,0.677975,1.6761359,1.099181,0.539988
creative,25,22,0.992858,0.9694403,0.310174,0.937931
creative,25,23,0.959558,2.2642758,1.106132,0.623876
creative,26,0,0.933486,1.2991204,0.815369,0.690372
creative,26,1,1.021597,1.1578293,0.685586,0.79606
creative,26,2,1.063339,1.7597872,0.792959,0.75971
creative,26,3,1.004706,1.0590258,0.640277,0.791776
creative,26,4,1.058435,1.8086246,0.580845,0.828725
creative,26,5,0.74932,0.4974718,0.263196,0.936034
creative,26,6,1.179406,1.3269507,0.438653,0.907679
creative,26,7,1.132739,2.2624655,0.845538,0.756022
creative,26,8,0.645883,0.4030437,0.159433,0.972975
creative,26,9,0.556308,0.406576,0.144042,0.974534
creative,26,10,0.826767,0.822382,0.248838,0.952752
creative,26,11,0.589233,0.3295582,0.154708,0.972177
creative,26,12,0.787091,3.7555203,1.465783,0.514176
creative,26,13,0.992704,2.5673206,1.182837,0.620928
creative,26,14,0.768904,2.9630239,1.382686,0.520215
creative,26,15,0.718764,0.4686698,0.180711,0.969066
creative,26,16,0.691696,0.6374902,0.249078,0.942058
creative,26,17,1.338327,2.2175992,0.766537,0.803542
creative,26,18,0.788542,1.4277711,0.835014,0.668772
creative,26,19,0.770083,1.5443438,0.881485,0.683528
creative,26,20,0.929665,1.623418,1.003153,0.655011
creative,26,21,0.427245,0.2473691,0.106627,0.981039
creative,26,22,0.476068,0.2693403,0.110155,0.981711
creative,26,23,0.951396,0.8073813,0.384666,0.906412
creative,27,0,0.721297,1.436806,0.987596,0.577496
creative,27,1,0.715986,0.7357068,0.433289,0.857648
creative,27,2,0.79686,1.589507,0.742198,0.726099
creative,27,3,1.180378,1.8254997,0.712126,0.76872
creative,27,4,0.810048,1.7067835,0.832771,0.683951
creative,27,5,0.839777,1.8948045,1.082859,0.61804
creative,27,6,0.651121,0.9949478,0.676953,0.722434
creative,27,7,0.696184,1.1946911,0.695869,0.728398
creative,27,8,1.109583,1.2075016,0.575511,0.845533
creative,27,9,0.870337,2.6257451,1.196165,0.56729
creative,27,10,1.255578,1.6095603,0.554875,0.865641
creative,27,11,0.608575,0.5758517,0.272218,0.931184
creative,27,12,0.363879,0.2210105,0.080416,0.987022
creative,27,13,0.594034,0.5655424,0.165089,0.96832
creative,27,14,0.550775,0.2976046,0.127422,0.979085
creative,27,15,0.540059,0.3465103,0.139012,0.975134
creative,27,16,0.458457,0.2043107,0.105818,0.98249
creative,27,17,0.913288,0.6547765,0.255395,0.953822
creative,27,18,0.656581,0.9183547,0.672471,0.749046
creative,27,19,0.851523,1.8388448,0.947432,0.640822
creative,27,20,0.820242,1.1158363,0.850383,0.641676
creative,27,21,1.006499,2.3642018,0.973178,0.676382
creative,27,22,0.86852,0.7812638,0.279141,0.943448
creative,27,23,0.998848,0.9979113,0.357004,0.923822
mathematical,0,0,0.95763,1.6868509,0.855409,0.703459
mathematical,0,1,0.636224,1.6194851,1.058776,0.597669
mathematical,0,2,0.710518,0.8758115,0.374761,0.894279
mathematical,0,3,1.322014,1.6459727,0.647285,0.836015
mathematical,0,4,1.265605,1.5607244,0.726972,0.794578
mathematical,0,5,1.370458,2.5689802,0.875905,0.759228
mathematical,0,6,1.508369,3.204047,1.201575,0.676858
mathematical,0,7,0.946808,4.9125695,1.681713,0.462155
mathematical,0,8,1.270184,3.3220079,1.399722,0.576609
mathematical,0,9,0.661539,0.4760082,0.178092,0.968363
mathematical,0,10,0.49704,0.2294151,0.096204,0.986324
mathematical,0,11,0.846698,1.2053158,0.453892,0.888726
mathematical,0,12,1.031479,1.009678,0.329276,0.934162
mathematical,0,13,1.435032,3.1602969,1.058218,0.738457
mathematical,0,14,1.522298,3.4501214,1.132919,0.707525
mathematical,0,15,0.613265,4.6143107,1.838706,0.372077
mathematical,0,16,1.483194,1.470086,0.501548,0.902857
mathematical,0,17,0.701545,4.7046752,1.761092,0.407158
mathematical,0,18,1.14037,3.0856223,1.284409,0.584288
mathematical,0,19,1.026228,2.6511264,1.333201,0.526652
mathematical,0,20,1.222705,3.159611,1.265632,0.62046
mathematical,0,21,0.755067,2.2043998,0.673129,0.81365
mathematical,0,22,4.4e-05,1.5e-06,4e-06,1.0
mathematical,0,23,0.00237,0.0001923,0.000224,0.999982
mathematical,1,0,1.363277,2.5583484,1.071239,0.68031
mathematical,1,1,1.282442,1.5923219,0.650151,0.83849
mathematical,1,2,1.407223,1.4741018,0.470677,0.90729
mathematical,1,3,0.94596,1.0583595,0.376895,0.909045
mathematical,1,4,0.946014,0.8159677,0.378893,0.910794
mathematical,1,5,0.981798,0.8094217,0.308375,0.938169
mathematical,1,6,1.718644,3.4329622,1.052532,0.759133
mathematical,1,7,1.416841,1.0247195,0.385738,0.933565
mathematical,1,8,1.383062,2.9510334,1.105078,0.692934
mathematical,1,9,1.553472,2.4353988,0.80758,0.810601
mathematical,1,10,0.909262,1.0809059,0.41143,0.888639
mathematical,1,11,1.095787,0.8104053,0.315216,0.940561
mathematical,1,12,0.819997,1.0991507,0.561436,0.823768
mathematical,1,13,1.160447,1.0586706,0.4287,0.904437
mathematical,1,14,0.808253,0.8878857,0.50319,0.840509
mathematical,1,15,0.615604,0.7674913,0.771364,0.69048
mathematical,1,16,1.148579,2.0651498,0.828301,0.763839
mathematical,1,17,0.733468,0.8056922,0.368416,0.878954
mathematical,1,18,0.956914,1.0576882,0.465576,0.872885
mathematical,1,19,0.992648,1.4253265,0.600602,0.826026
mathematical,1,20,0.963378,0.9357669,0.374848,0.914692
mathematical,1,21,1.224223,4.4553924,1.532082,0.572305
mathematical,1,22,1.2616,1.3309153,0.619242,0.827896
mathematical,1,23,1.664137,1.952968,0.775162,0.821706
mathematical,2,0,0.898371,0.6560045,0.227834,0.960692
mathematical,2,1,0.64834,0.3085118,0.131108,0.980751
mathematical,2,2,0.891372,0.7655945,0.325171,0.914882
mathematical,2,3,1.765445,2.1444957,0.712155,0.856513
mathematical,2,4,1.397843,1.0442404,0.386618,0.932233
mathematical,2,5,1.576802,2.2228529,0.801188,0.809059
mathematical,2,6,0.860962,0.7755432,0.322402,0.921401
mathematical,2,7,0.884667,0.5960231,0.26092,0.949217
mathematical,2,8,1.001321,0.7042939,0.317495,0.933099
mathematical,2,9,0.857312,0.5967737,0.20788,0.965202
mathematical,2,10,0.764339,0.5763404,0.204609,0.962418
mathematical,2,11,0.614474,0.4348869,0.184607,0.962411
mathematical,2,12,1.267147,1.483288,0.509193,0.88364
mathematical,2,13,0.8904,0.6834099,0.243903,0.955411
mathematical,2,14,1.782446,3.2882168,1.071718,0.74512
mathematical,2,15,0.290675,0.1636653,0.101844,0.973741
mathematical,2,16,0.149236,0.097184,0.044486,0.990519
mathematical,2,17,0.448376,0.3155167,0.132621,0.9728
mathematical,2,18,1.495738,1.5638043,0.524709,0.895015
mathematical,2,19,0.588847,0.305797,0.185764,0.948723
mathematical,2,20,0.972789,0.6998855,0.327157,0.921333
mathematical,2,21,1.082577,0.9509534,0.338877,0.928797
mathematical,2,22,0.874152,0.5558985,0.207536,0.965923
mathematical,2,23,1.090228,1.3806518,0.541693,0.834518
mathematical,3,0,1.264216,1.0505775,0.371662,0.933713
mathematical,3,1,1.313668,1.4014083,0.481382,0.902386
mathematical,3,2,0.899529,0.6491812,0.255497,0.95138
mathematical,3,3,0.829866,1.0040979,0.365852,0.892708
mathematical,3,4,0.966907,0.96672,0.351517,0.919052
mathematical,3,5,0.941964,0.9640728,0.302582,0.936915
mathematical,3,6,1.432095,1.4974996,0.593852,0.864622
mathematical,3,7,0.947959,0.8414962,0.338934,0.925508
mathematical,3,8,1.079567,1.486266,0.493763,0.87717
mathematical,3,9,1.394209,2.0323083,0.875094,0.763677
mathematical,3,10,1.375756,1.9651449,0.573024,0.870002
mathematical,3,11,1.347263,1.9616185,0.720319,0.820604
mathematical,3,12,0.93113,1.2561464,0.516563,0.856113
mathematical,3,13,0.909959,1.0923777,0.491249,0.864584
mathematical,3,14,1.141925,1.2434399,0.560238,0.851812
mathematical,3,15,1.103989,0.7344069,0.277129,0.954173
mathematical,3,16,1.756247,2.8599465,0.906271,0.79092
mathematical,3,17,1.539174,2.0238471,0.622165,0.860279
mathematical,3,18,0.999852,0.8450548,0.383923,0.909914
mathematical,3,19,0.879296,0.6043967,0.234602,0.957918
mathematical,3,20,1.18026,0.9918334,0.346876,0.936509
mathematical,3,21,1.636064,2.7210281,0.929036,0.777006
mathematical,3,22,1.646471,2.3322108,0.753551,0.836581
mathematical,3,23,1.386089,2.1314411,0.845922,0.763542
mathematical,4,0,1.369246,1.278432,0.450264,0.914174
mathematical,4,1,1.269816,1.5278617,0.534509,0.879696
mathematical,4,2,1.232889,1.2382313,0.455126,0.903441
mathematical,4,3,1.282203,1.9702092,0.713946,0.802983
mathematical,4,4,1.313904,2.1724124,0.973303,0.71009
mathematical,4,5,1.385872,2.2998974,0.807164,0.784515
mathematical,4,6,1.369092,2.788589,1.226045,0.653412
mathematical,4,7,1.50852,2.0082905,0.768271,0.812399
mathematical,4,8,1.359395,2.0800653,0.760219,0.79007
mathematical,4,9,0.850259,1.0541745,0.5849,0.820686
mathematical,4,10,1.46385,2.0245767,0.81814,0.791851
mathematical,4,11,0.773278,1.017908,0.422201,0.874497
mathematical,4,12,1.481525,2.6826108,0.834735,0.782018
mathematical,4,13,1.056036,1.3751878,0.521312,0.87037
mathematical,4,14,0.532659,0.5651118,0.338984,0.882413
mathematical,4,15,1.577595,1.6390582,0.536448,0.895933
mathematical,4,16,0.903442,0.7692585,0.263105,0.951385
mathematical,4,17,1.296727,1.5128706,0.545924,0.87482
mathematical,4,18,1.425182,1.6129153,0.592837,0.867131
mathematical,4,19,1.388965,1.8239878,0.659866,0.846061
mathematical,4,20,1.236606,1.1846731,0.76094,0.775195
mathematical,4,21,0.584414,0.3104784,0.128283,0.979837
mathematical,4,22,0.744497,0.4945833,0.183246,0.968937
mathematical,4,23,0.843819,0.6238601,0.256182,0.948305
mathematical,5,0,1.074785,0.8534519,0.302189,0.945242
mathematical,5,1,1.050525,1.1746947,0.363446,0.921566
mathematical,5,2,1.288585,1.4953401,0.511365,0.88231
mathematical,5,3,1.305,1.5680747,0.815192,0.761911
mathematical,5,4,1.467324,1.3195875,0.510013,0.897632
mathematical,5,5,1.600779,1.9920422,0.688379,0.846279
mathematical,5,6,0.375454,0.2889903,0.100732,0.980751
mathematical,5,7,0.163813,0.0890726,0.033887,0.99466
mathematical,5,8,0.814204,0.8887096,0.401129,0.861318
mathematical,5,9,1.205603,2.0313017,0.977675,0.698279
mathematical,5,10,1.110718,1.6805978,0.793038,0.764913
mathematical,5,11,1.408011,2.281996,0.81597,0.791397
mathematical,5,12,0.847732,3.5644789,1.608319,0.461429
mathematical,5,13,1.485828,2.3589671,0.812419,0.793933
mathematical,5,14,1.308921,3.5381262,1.278578,0.614713
mathematical,5,15,1.090568,0.7646806,0.276623,0.953517
mathematical,5,16,1.318395,1.1231647,0.39788,0.926105
mathematical,5,17,1.308756,1.213598,0.453943,0.906454
mathematical,5,18,1.703229,2.1577282,0.730225,0.845129
mathematical,5,19,1.729612,2.2195988,0.718031,0.847972
mathematical,5,20,1.624611,2.1474574,0.734149,0.838741
mathematical,5,21,1.521925,2.3240907,0.790546,0.808222
mathematical,5,22,1.096004,1.0035884,0.570188,0.828355
mathematical,5,23,1.156844,1.5359019,0.612363,0.83215
mathematical,6,0,1.178884,1.5795456,0.593464,0.854758
mathematical,6,1,0.763,0.4876442,0.190916,0.96736
mathematical,6,2,1.232845,1.4903454,0.721961,0.791201
mathematical,6,3,1.471671,1.9594887,1.063025,0.70156
mathematical,6,4,1.468463,2.3112254,0.824331,0.800932
mathematical,6,5,1.191181,1.3600768,0.559167,0.864473
mathematical,6,6,1.179654,1.7005359,0.658716,0.820569
mathematical,6,7,0.970353,0.9695566,0.653435,0.785947
mathematical,6,8,1.1883,1.5427805,0.589949,0.849766
mathematical,6,9,1.415864,2.5541523,1.053286,0.708591
mathematical,6,10,1.638899,2.4474216,0.78706,0.825409
mathematical,6,11,1.403118,2.4400506,0.875712,0.772328
mathematical,6,12,1.039062,1.5347487,0.638155,0.809998
mathematical,6,13,1.572223,2.2464616,0.807492,0.805988
mathematical,6,14,1.415066,1.9486729,0.757282,0.804271
mathematical,6,15,1.46137,3.0534384,1.134337,0.689177
mathematical,6,16,1.330134,3.4626617,1.260651,0.632558
mathematical,6,17,1.14976,1.6739799,0.749135,0.781825
mathematical,6,18,1.09967,0.8006452,0.283245,0.9516
mathematical,6,19,0.617266,0.3434516,0.136307,0.97837
mathematical,6,20,1.58468,1.9324634,0.70552,0.837804
mathematical,6,21,0.854046,0.9002596,0.30749,0.931278
mathematical,6,22,0.783109,1.0915936,0.828914,0.684195
mathematical,6,23,1.245808,1.7059286,0.702833,0.809884
mathematical,7,0,0.923413,1.9778314,1.143284,0.601706
mathematical,7,1,0.906806,2.1590524,1.126256,0.592983
mathematical,7,2,1.153141,1.9591575,0.612702,0.837751
mathematical,7,3,1.678282,2.2293987,0.782434,0.826154
mathematical,7,4,1.649901,2.4646196,0.897486,0.793689
mathematical,7,5,1.519439,3.2077453,0.978993,0.761558
mathematical,7,6,1.280572,3.4807849,1.268891,0.623114
mathematical,7,7,1.264131,2.0034776,1.044337,0.666281
mathematical,7,8,1.157844,1.8644006,0.922241,0.70196
mathematical,7,9,1.285666,2.4590001,1.194788,0.637481
mathematical,7,10,1.194037,1.8784839,0.800822,0.773101
mathematical,7,11,1.57626,3.4992545,1.072959,0.72665
mathematical,7,12,1.531376,1.9084362,0.793566,0.807425
mathematical,7,13,1.286601,2.1612599,0.934633,0.72635
mathematical,7,14,1.470665,3.1259849,1.022494,0.724474
mathematical,7,15,1.70514,3.5123198,1.097524,0.731504
mathematical,7,16,1.333823,4.2841482,1.408791,0.607639
mathematical,7,17,1.533932,1.8102957,0.654164,0.855349
mathematical,7,18,1.295744,2.1317794,0.721677,0.807046
mathematical,7,19,1.664118,1.9337721,0.700942,0.848136
mathematical,7,20,1.365847,1.5576243,0.552954,0.876847
mathematical,7,21,1.291365,2.5996902,1.185348,0.646504
mathematical,7,22,1.464691,3.0032146,0.973013,0.744237
mathematical,7,23,1.593407,2.4342527,0.762223,0.823913
mathematical,8,0,1.339701,1.4305528,0.732036,0.803062
mathematical,8,1,1.49724,2.812499,0.988212,0.737832
mathematical,8,2,0.470092,0.3242803,0.110586,0.981294
mathematical,8,3,1.215425,2.5452998,1.288226,0.598429
mathematical,8,4,1.293649,2.3061051,0.899626,0.740529
mathematical,8,5,1.291218,2.9823444,1.156738,0.666353
mathematical,8,6,1.283704,1.7335583,0.603087,0.849685
mathematical,8,7,1.643898,1.7969871,0.593231,0.882825
mathematical,8,8,0.795271,1.0389154,0.597107,0.790888
mathematical,8,9,1.120094,2.4360983,1.188627,0.611426
mathematical,8,10,1.504087,1.9047358,0.642647,0.859646
mathematical,8,11,1.357133,2.3445587,1.017509,0.710134
mathematical,8,12,1.359377,2.9137657,1.134515,0.656145
mathematical,8,13,1.75283,2.6616392,0.893417,0.794328
mathematical,8,14,1.382949,2.7179205,0.916144,0.745815
mathematical,8,15,1.34124,2.8769004,1.181535,0.662933
mathematical,8,16,1.244892,3.1568131,1.352228,0.593379
mathematical,8,17,1.129519,2.3484097,1.104763,0.608706
mathematical,8,18,1.087302,2.0701962,1.016814,0.681692
mathematical,8,19,1.409223,2.7984841,0.942342,0.756149
mathematical,8,20,1.493677,2.465096,1.017898,0.72908
mathematical,8,21,1.547813,3.2461247,1.082859,0.724502
mathematical,8,22,1.156248,2.3053641,1.171496,0.628684
mathematical,8,23,1.292022,3.4042287,1.200897,0.653614
mathematical,9,0,1.249254,3.3115194,1.447412,0.569471
mathematical,9,1,1.09253,3.1402855,1.287934,0.58463
mathematical,9,2,1.37557,2.8831308,1.182219,0.646423
mathematical,9,3,1.487253,2.0769711,0.893159,0.757397
mathematical,9,4,1.648266,2.2644393,0.791085,0.822933
mathematical,9,5,1.311898,1.0300803,0.352829,0.93927
mathematical,9,6,1.2067,2.715764,1.192909,0.60417
mathematical,9,7,1.048923,2.9415672,1.316335,0.538148
mathematical,9,8,0.871821,1.4225099,1.221096,0.549362
mathematical,9,9,1.62036,2.3569555,0.888808,0.78864
mathematical,9,10,1.421341,2.0982692,0.797769,0.797694
mathematical,9,11,1.51765,2.5135763,0.870993,0.782382
mathematical,9,12,1.646912,2.9311342,0.922372,0.779553
mathematical,9,13,1.553152,2.5411284,1.007058,0.73432
mathematical,9,14,1.029763,3.6352415,1.452518,0.53032
mathematical,9,15,1.726306,2.1852953,0.817822,0.820753
mathematical,9,16,1.510114,2.733345,0.92353,0.765177
mathematical,9,17,1.704959,2.830796,0.949,0.778961
mathematical,9,18,1.325101,2.6289923,1.143937,0.669481
mathematical,9,19,0.776442,0.6693623,0.224204,0.956631
mathematical,9,20,1.092106,2.1600094,0.655851,0.822125
mathematical,9,21,1.501218,3.1644294,1.088442,0.706555
mathematical,9,22,1.622095,2.3416629,0.93385,0.763655
mathematical,9,23,1.289748,1.6411984,0.777624,0.78611
mathematical,10,0,1.316989,2.6919742,1.199762,0.640918
mathematical,10,1,1.539903,3.7565453,1.226599,0.686525
mathematical,10,2,1.520648,3.7828746,1.203189,0.689131
mathematical,10,3,1.324339,1.9519975,0.633981,0.843922
mathematical,10,4,0.928981,1.2500792,0.672775,0.784258
mathematical,10,5,1.361097,2.3978753,0.821389,0.780559
mathematical,10,6,1.734592,2.716152,0.836427,0.812579
mathematical,10,7,1.270655,3.12886,1.302419,0.602973
mathematical,10,8,1.675629,2.7222359,1.046143,0.746643
mathematical,10,9,1.663145,3.0585017,1.075144,0.739127
mathematical,10,10,1.328024,3.0493011,1.324402,0.610922
mathematical,10,11,1.337976,2.3416615,0.903301,0.747258
mathematical,10,12,0.9847,2.0452888,1.232801,0.568526
mathematical,10,13,1.064993,3.5268676,1.429297,0.520817
mathematical,10,14,1.067351,2.4481769,1.363444,0.542439
mathematical,10,15,1.831526,2.4802828,0.752926,0.845485
mathematical,10,16,1.525443,3.0238669,0.900877,0.777942
mathematical,10,17,1.496429,3.5161591,1.23797,0.670206
mathematical,10,18,1.381512,3.8440123,1.391444,0.612937
mathematical,10,19,1.013622,3.7178779,1.571342,0.522646
mathematical,10,20,1.503965,4.0108809,1.282537,0.66714
mathematical,10,21,0.699943,0.4329487,0.162579,0.973298
mathematical,10,22,1.39566,1.2533472,0.417355,0.923852
mathematical,10,23,1.474087,1.7783411,0.564654,0.880618
mathematical,11,0,1.44439,3.5108955,1.2323,0.67079
mathematical,11,1,1.821074,3.1769505,1.024415,0.766895
mathematical,11,2,1.639883,3.0273888,1.155825,0.702326
mathematical,11,3,1.412227,2.4408493,0.997365,0.727265
mathematical,11,4,1.444198,3.176049,1.057729,0.726804
mathematical,11,5,1.620766,2.8369017,0.928187,0.77676
mathematical,11,6,1.711531,3.4542389,1.086842,0.740398
mathematical,11,7,1.514116,3.6113455,1.205261,0.683601
mathematical,11,8,1.313144,3.9807086,1.329338,0.616985
mathematical,11,9,1.447252,2.6666348,0.953332,0.74628
mathematical,11,10,1.299426,3.3657396,1.385857,0.592629
mathematical,11,11,1.210139,5.0695496,1.492014,0.559824
mathematical,11,12,1.428709,2.3577125,0.934849,0.745726
mathematical,11,13,1.063171,3.1973455,1.170962,0.610322
mathematical,11,14,1.067261,1.8608135,0.878749,0.727714
mathematical,11,15,1.360487,2.5230007,1.039507,0.690845
mathematical,11,16,1.244875,3.6701283,1.318061,0.605169
mathematical,11,17,1.297874,2.389128,0.786042,0.7876
mathematical,11,18,1.297058,2.8372164,1.139906,0.664159
mathematical,11,19,1.427035,3.0764,1.107129,0.692211
mathematical,11,20,1.500132,3.2501106,1.134658,0.697305
mathematical,11,21,1.540602,2.7384274,0.940944,0.756608
mathematical,11,22,1.110855,3.6274054,1.303955,0.579042
mathematical,11,23,1.282332,3.3568709,1.286219,0.612272
mathematical,12,0,1.223091,3.534466,1.35839,0.604133
mathematical,12,1,1.142905,2.5012431,1.173603,0.627642
mathematical,12,2,1.199887,3.438781,1.393371,0.568005
mathematical,12,3,1.352042,1.656973,0.487152,0.898373
mathematical,12,4,1.493504,1.6627895,0.613735,0.868254
mathematical,12,5,1.419387,3.5894699,1.019198,0.723751
mathematical,12,6,1.101861,2.4176443,1.143863,0.61979
mathematical,12,7,0.928014,3.3491154,1.347594,0.555628
mathematical,12,8,1.271873,3.7925179,1.287447,0.618447
mathematical,12,9,1.342441,2.5895436,1.111813,0.687648
mathematical,12,10,1.202038,2.9769897,1.255229,0.63078
mathematical,12,11,1.405257,3.3357706,1.122949,0.69914
mathematical,12,12,1.176381,4.0099444,1.430831,0.559109
mathematical,12,13,1.652336,2.7463255,0.927509,0.781615
mathematical,12,14,1.55647,3.8875942,1.273175,0.669519
mathematical,12,15,1.401324,1.9730566,0.820765,0.78489
mathematical,12,16,1.099499,2.2837894,0.886285,0.730682
mathematical,12,17,1.208708,2.7534876,1.207599,0.618962
mathematical,12,18,1.433741,2.0652847,0.805765,0.791086
mathematical,12,19,0.929436,0.6668153,0.237243,0.959272
mathematical,12,20,1.043156,1.0077524,0.325408,0.935651
mathematical,12,21,1.009203,2.2066288,1.147431,0.492048
mathematical,12,22,1.355018,3.0963759,1.148049,0.675873
mathematical,12,23,0.86793,5.5346313,1.705063,0.459008
mathematical,13,0,1.381129,2.4779201,1.074187,0.700844
mathematical,13,1,1.245299,2.6723869,1.172682,0.66043
mathematical,13,2,1.397109,3.4378567,1.139974,0.690896
mathematical,13,3,1.699564,2.3482776,0.84709,0.809442
mathematical,13,4,1.596635,2.847126,0.978235,0.758966
mathematical,13,5,1.612671,3.1702511,1.099428,0.728913
mathematical,13,6,0.620154,1.3051438,1.113286,0.542295
mathematical,13,7,1.199282,2.959269,1.297863,0.595285
mathematical,13,8,1.008288,2.6306813,1.460414,0.49126
mathematical,13,9,1.016784,3.0723939,1.304266,0.581982
mathematical,13,10,1.299384,4.1023879,1.41488,0.580783
mathematical,13,11,1.57494,2.6223304,0.982751,0.739419
mathematical,13,12,1.217725,2.2675774,0.95652,0.699589
mathematical,13,13,0.682821,0.586679,0.364781,0.887957
mathematical,13,14,0.51705,0.6768789,0.677144,0.730726
mathematical,13,15,1.378409,2.201849,1.248813,0.633767
mathematical,13,16,1.344157,1.8356899,0.625244,0.85086
mathematical,13,17,1.558316,3.2705202,1.104243,0.705598
mathematical,13,18,1.325237,3.9162099,1.199208,0.658867
mathematical,13,19,1.66482,3.1812379,0.929315,0.780736
mathematical,13,20,1.609987,3.4901781,1.154182,0.699381
mathematical,13,21,1.546571,2.663481,0.965688,0.746763
mathematical,13,22,1.560709,2.3770599,0.898346,0.771721
mathematical,13,23,1.374312,2.3183494,0.895601,0.751869
mathematical,14,0,0.768005,1.9531475,1.192957,0.53996
mathematical,14,1,0.429789,0.2693364,0.097255,0.984079
mathematical,14,2,0.416129,0.1855014,0.098667,0.982727
mathematical,14,3,0.953277,3.0276988,1.392451,0.515626
mathematical,14,4,1.006448,2.8815725,1.47122,0.459885
mathematical,14,5,0.721853,2.779119,1.66909,0.385013
mathematical,14,6,1.010464,3.3907635,1.42632,0.5143
mathematical,14,7,1.237705,3.792511,1.395038,0.595741
mathematical,14,8,1.079185,3.5492089,1.517958,0.497857
mathematical,14,9,1.217826,1.5300269,0.825968,0.758997
mathematical,14,10,1.543224,2.029335,0.776443,0.811511
mathematical,14,11,1.083732,2.6141467,1.10655,0.632407
mathematical,14,12,1.295047,1.1935793,0.413615,0.919194
mathematical,14,13,1.615281,1.7301664,0.579319,0.883877
mathematical,14,14,1.467863,1.3314097,0.45632,0.914643
mathematical,14,15,1.408755,3.7582643,1.150678,0.679008
mathematical,14,16,1.453134,3.2747474,1.134195,0.67638
mathematical,14,17,0.923486,2.8862269,1.311984,0.529006
mathematical,14,18,1.119845,3.4812171,1.43442,0.504915
mathematical,14,19,0.819125,4.603807,1.671746,0.447774
mathematical,14,20,1.374419,3.3189151,1.271539,0.633761
mathematical,14,21,1.081754,0.9539555,0.345054,0.93181
mathematical,14,22,0.293972,0.173976,0.064968,0.989223
mathematical,14,23,1.241565,1.6826957,0.848571,0.74955
mathematical,15,0,1.534412,2.3266201,0.700597,0.844931
mathematical,15,1,1.574278,2.6477084,1.023587,0.738217
mathematical,15,2,1.164071,2.3338652,1.25917,0.580774
mathematical,15,3,1.063085,2.7167647,1.172427,0.592194
mathematical,15,4,1.057372,2.3450558,1.122304,0.607933
mathematical,15,5,1.173515,2.7273376,1.296786,0.581023
mathematical,15,6,1.221059,1.2890102,0.444607,0.904877
mathematical,15,7,1.326469,1.3105867,0.483977,0.898944
mathematical,15,8,1.121264,2.833384,1.07856,0.661011
mathematical,15,9,1.094107,3.6019304,1.375147,0.543345
mathematical,15,10,1.16439,3.7100115,1.472813,0.552306
mathematical,15,11,1.186602,2.8450882,1.354068,0.557214
mathematical,15,12,0.595704,0.2800515,0.118116,0.982885
mathematical,15,13,0.497046,0.2106389,0.102509,0.984182
mathematical,15,14,1.205783,1.7225181,0.700731,0.816317
mathematical,15,15,1.24842,3.1732202,1.151186,0.653166
mathematical,15,16,1.66419,2.787091,1.01108,0.741597
mathematical,15,17,1.355442,2.7499092,1.089469,0.678006
mathematical,15,18,1.248535,1.5618564,0.507612,0.87618
mathematical,15,19,1.296251,1.4572471,0.479457,0.899418
mathematical,15,20,1.457059,1.4575683,0.63067,0.853162
mathematical,15,21,1.445752,2.9681189,1.057493,0.71059
mathematical,15,22,1.275234,2.2469807,1.000402,0.693919
mathematical,15,23,1.457143,2.2263615,0.811183,0.789201
mathematical,16,0,1.019015,0.7887051,0.266772,0.953174
mathematical,16,1,1.498073,2.7257531,1.016734,0.725995
mathematical,16,2,1.013629,0.8735099,0.337531,0.923666
mathematical,16,3,0.479482,0.3283196,0.163178,0.95237
mathematical,16,4,1.144395,1.2006254,0.706267,0.790079
mathematical,16,5,1.15074,1.080965,0.408082,0.905779
mathematical,16,6,1.253866,1.9486101,0.78826,0.764726
mathematical,16,7,1.378858,2.6183524,0.984366,0.731315
mathematical,16,8,1.56759,1.9582759,0.644632,0.863065
mathematical,16,9,1.547681,1.9420632,0.745801,0.822917
mathematical,16,10,1.482774,2.3025525,0.935428,0.753367
mathematical,16,11,1.426444,2.3561864,0.857601,0.765095
mathematical,16,12,1.252347,1.1627816,0.58478,0.850552
mathematical,16,13,0.916237,0.6911015,0.24317,0.957141
mathematical,16,14,1.265543,1.6482319,0.522611,0.878159
mathematical,16,15,1.037927,0.9600865,0.42725,0.897987
mathematical,16,16,1.458007,1.3095217,0.530535,0.888435
mathematical,16,17,1.425875,1.5281463,0.56257,0.877954
mathematical,16,18,1.469486,2.6050615,0.90798,0.760677
mathematical,16,19,0.967737,1.9048611,1.109731,0.598985
mathematical,16,20,1.501983,2.6853793,0.861275,0.787823
mathematical,16,21,1.309687,1.8908975,0.805388,0.771786
mathematical,16,22,0.624681,0.4282618,0.157585,0.971638
mathematical,16,23,0.926075,0.7363063,0.245791,0.956316
mathematical,17,0,0.533094,0.3507309,0.12682,0.978446
mathematical,17,1,0.920162,0.6292328,0.25374,0.953517
mathematical,17,2,1.20416,1.3404297,0.579151,0.852511
mathematical,17,3,0.638687,0.4796578,0.157472,0.972309
mathematical,17,4,0.635133,0.3808419,0.146833,0.975854
mathematical,17,5,0.975314,1.1376359,0.434879,0.89569
mathematical,17,6,0.979254,3.0802276,1.131612,0.606179
mathematical,17,7,1.278422,1.8353269,0.803462,0.770399
mathematical,17,8,1.198198,2.85252,1.189302,0.598793
mathematical,17,9,0.382356,0.2247271,0.092691,0.983699
mathematical,17,10,0.569546,0.2928002,0.115785,0.982756
mathematical,17,11,0.639383,0.4157517,0.165011,0.970353
mathematical,17,12,0.300194,0.1178549,0.065553,0.988276
mathematical,17,13,0.791108,0.6848074,0.228472,0.957232
mathematical,17,14,0.900567,0.5884545,0.218706,0.963953
mathematical,17,15,1.449588,2.1840689,0.95585,0.7372
mathematical,17,16,1.208053,1.3261391,0.447284,0.90276
mathematical,17,17,1.56035,2.5020199,0.83539,0.795624
mathematical,17,18,0.948998,0.7979346,0.267921,0.94847
mathematical,17,19,0.864565,0.8025785,0.459259,0.863001
mathematical,17,20,1.204156,1.869972,0.977959,0.696285
mathematical,17,21,1.104118,0.7597736,0.308648,0.943385
mathematical,17,22,1.258677,1.8039339,0.61319,0.845633
mathematical,17,23,0.9117,0.6178191,0.229843,0.960356
mathematical,18,0,1.244069,1.5968564,0.788141,0.754188
mathematical,18,1,0.735228,0.6257545,0.21085,0.959102
mathematical,18,2,0.821649,0.7470036,0.264972,0.943881
mathematical,18,3,0.831133,0.7172379,0.392423,0.896103
mathematical,18,4,0.664274,0.4690748,0.225365,0.942448
mathematical,18,5,0.779544,0.6757051,0.282149,0.924203
mathematical,18,6,1.197657,1.6904233,0.751521,0.780605
mathematical,18,7,1.16566,2.4798312,1.110251,0.64462
mathematical,18,8,1.507717,2.2105443,0.768886,0.808919
mathematical,18,9,1.610709,2.1689265,0.705235,0.842726
mathematical,18,10,0.999983,1.6951076,0.666705,0.805534
mathematical,18,11,1.180631,1.038071,0.460142,0.893179
mathematical,18,12,0.526392,0.2502517,0.103151,0.985123
mathematical,18,13,0.854778,0.5135407,0.218558,0.960084
mathematical,18,14,0.726169,0.3985873,0.168553,0.971587
mathematical,18,15,0.333144,0.1561688,0.07763,0.986273
mathematical,18,16,0.844717,0.6098067,0.250192,0.951287
mathematical,18,17,1.066895,0.9939603,0.379751,0.919067
mathematical,18,18,0.583778,0.4215537,0.142847,0.974933
mathematical,18,19,0.915136,0.7438232,0.25377,0.953623
mathematical,18,20,1.439185,1.6408762,0.741966,0.814919
mathematical,18,21,1.042013,1.4524912,0.64481,0.806934
mathematical,18,22,0.819208,0.7437285,0.317073,0.925245
mathematical,18,23,1.094477,1.1568117,0.397171,0.910558
mathematical,19,0,1.109322,0.9268981,0.371434,0.92333
mathematical,19,1,0.872206,1.7237159,0.977257,0.619686
mathematical,19,2,1.170563,2.387064,1.037065,0.662428
mathematical,19,3,0.895806,1.4329984,0.863387,0.692863
mathematical,19,4,1.006983,1.7079395,0.958444,0.672727
mathematical,19,5,1.071165,1.7400204,0.789868,0.766174
mathematical,19,6,1.009492,1.4093162,0.902438,0.701334
mathematical,19,7,0.885682,3.0270901,1.199225,0.522389
mathematical,19,8,1.361196,1.8695394,0.628844,0.852436
mathematical,19,9,1.327153,1.8897417,0.712824,0.824385
mathematical,19,10,1.362474,2.8937831,0.931738,0.735843
mathematical,19,11,1.398818,1.5387048,0.561474,0.874076
mathematical,19,12,1.334136,1.9500571,0.839747,0.769357
mathematical,19,13,1.324192,1.573303,0.743517,0.797126
mathematical,19,14,0.926261,1.7039008,0.698475,0.791924
mathematical,19,15,0.498632,0.3953489,0.136789,0.971889
mathematical,19,16,0.658901,0.4652233,0.173209,0.968843
mathematical,19,17,1.079522,0.9155978,0.390625,0.913914
mathematical,19,18,1.149698,1.1443493,0.436456,0.901335
mathematical,19,19,1.302097,1.8272749,0.751417,0.799476
mathematical,19,20,1.511545,1.8435466,0.611669,0.867528
mathematical,19,21,0.434809,0.1973342,0.089592,0.986184
mathematical,19,22,0.310795,0.1261185,0.057742,0.991838
mathematical,19,23,0.607597,0.3635777,0.1429,0.976238
mathematical,20,0,1.052609,0.8284487,0.295007,0.945946
mathematical,20,1,1.346547,1.1466986,0.438223,0.911773
mathematical,20,2,0.87457,0.5662801,0.216556,0.963168
mathematical,20,3,0.714976,0.4305701,0.16466,0.973114
mathematical,20,4,0.709651,0.4412663,0.182579,0.966697
mathematical,20,5,0.836845,0.5565442,0.238545,0.955083
mathematical,20,6,0.688155,0.3803318,0.214898,0.950621
mathematical,20,7,1.242819,2.6398041,1.18813,0.654017
mathematical,20,8,1.39575,1.7436556,0.650816,0.843499
mathematical,20,9,0.591594,0.3669378,0.147552,0.97337
mathematical,20,10,0.856662,0.7795228,0.247034,0.952176
mathematical,20,11,0.930587,0.6047241,0.337141,0.925151
mathematical,20,12,1.064124,1.3337561,0.587718,0.836971
mathematical,20,13,1.05213,1.0210792,0.426737,0.899058
mathematical,20,14,0.80591,0.5923684,0.216745,0.960727
mathematical,20,15,0.879398,0.7656368,0.357941,0.904378
mathematical,20,16,0.847447,0.55186,0.250859,0.950465
mathematical,20,17,0.811258,0.5976487,0.23262,0.955729
mathematical,20,18,1.059832,0.7892939,0.293528,0.94659
mathematical,20,19,1.360767,1.5056077,0.569083,0.867684
mathematical,20,20,1.221984,1.156724,0.406234,0.917979
mathematical,20,21,0.915939,1.4431831,0.440926,0.886267
mathematical,20,22,0.952293,1.2394072,0.443842,0.882942
mathematical,20,23,0.921683,1.5255854,0.565125,0.832359
mathematical,21,0,1.290232,1.2834114,0.452345,0.906873
mathematical,21,1,0.953564,0.6750693,0.271953,0.946219
mathematical,21,2,1.206274,1.5047176,0.560764,0.860576
mathematical,21,3,0.339465,0.1135674,0.079808,0.984043
mathematical,21,4,0.5616,0.3467539,0.142559,0.974949
mathematical,21,5,0.331481,0.1337024,0.059645,0.99182
mathematical,21,6,0.822089,0.6611409,0.265023,0.93766
mathematical,21,7,0.722318,0.5101873,0.273865,0.929319
mathematical,21,8,1.052533,1.0311184,0.409144,0.900957
mathematical,21,9,1.233835,2.7996373,0.860914,0.769284
mathematical,21,10,1.257408,1.4494207,0.628132,0.830357
mathematical,21,11,1.05137,1.4920502,0.757463,0.770451
mathematical,21,12,0.397671,0.2158827,0.080898,0.987698
mathematical,21,13,0.47936,0.2703936,0.109926,0.981674
mathematical,21,14,1.131205,0.9806916,0.368471,0.925955
mathematical,21,15,0.556073,0.34301,0.132786,0.977464
mathematical,21,16,0.81562,0.5431988,0.19988,0.966195
mathematical,21,17,0.394382,0.1942479,0.081568,0.987452
mathematical,21,18,0.763833,0.4698728,0.275088,0.934785
mathematical,21,19,0.382264,0.2070391,0.081409,0.987174
mathematical,21,20,0.887327,0.9727969,0.40208,0.887833
mathematical,21,21,1.056276,1.5561895,0.691336,0.787061
mathematical,21,22,0.851475,0.8218738,0.389789,0.898187
mathematical,21,23,0.998605,1.5789279,0.682397,0.796904
mathematical,22,0,0.676795,0.4375907,0.191759,0.962203
mathematical,22,1,1.332896,1.6664712,0.543647,0.881615
mathematical,22,2,0.942377,0.8554122,0.291785,0.944153
mathematical,22,3,0.271163,0.1035137,0.048247,0.993409
mathematical,22,4,0.466854,0.297384,0.131035,0.971252
mathematical,22,5,0.290119,0.1263735,0.053621,0.992471
mathematical,22,6,0.886637,0.6481503,0.2504,0.951042
mathematical,22,7,0.840237,0.6737047,0.277382,0.940742
mathematical,22,8,0.579697,0.346513,0.130447,0.978991
mathematical,22,9,0.337318,0.1317726,0.067461,0.989704
mathematical,22,10,0.511574,0.2566668,0.109213,0.983054
mathematical,22,11,0.287912,0.1351208,0.055988,0.991619
mathematical,22,12,1.106253,1.3324014,0.454749,0.892002
mathematical,22,13,1.080106,0.9963165,0.464395,0.886697
mathematical,22,14,1.090481,2.1563549,0.798015,0.753206
mathematical,22,15,0.798436,0.8811365,0.551812,0.819212
mathematical,22,16,0.720616,1.0299406,0.637419,0.773115
mathematical,22,17,0.824339,2.0269449,0.600534,0.810639
mathematical,22,18,0.962767,0.6662971,0.270541,0.948638
mathematical,22,19,0.729979,0.4337194,0.174684,0.970399
mathematical,22,20,0.963989,0.682448,0.240544,0.959224
mathematical,22,21,1.112399,1.4768004,0.527102,0.870198
mathematical,22,22,0.7316,0.7509953,0.398024,0.876015
mathematical,22,23,0.81623,1.0566964,0.329464,0.921609
mathematical,23,0,0.893829,1.0188314,0.786023,0.709933
mathematical,23,1,1.400442,1.7209197,0.582819,0.868988
mathematical,23,2,0.764139,1.0256479,0.904042,0.639824
mathematical,23,3,1.232015,1.7845799,0.596008,0.858907
mathematical,23,4,0.922942,0.8922885,0.295714,0.939456
mathematical,23,5,1.125464,1.013482,0.350542,0.934276
mathematical,23,6,1.185365,1.8967754,0.661501,0.827171
mathematical,23,7,1.432687,1.8204725,0.73557,0.816286
mathematical,23,8,1.300718,2.7842371,1.049932,0.713935
mathematical,23,9,0.589437,0.5738564,0.170947,0.965518
mathematical,23,10,0.97925,0.8736078,0.392241,0.902261
mathematical,23,11,0.460767,0.223849,0.096328,0.985086
mathematical,23,12,0.976349,1.1799396,0.418487,0.899646
mathematical,23,13,0.987442,1.2821066,0.500606,0.860955
mathematical,23,14,1.072587,2.0958781,0.946072,0.684771
mathematical,23,15,1.156709,2.0517952,0.869516,0.71271
mathematical,23,16,1.069312,2.1750624,0.824642,0.744681
mathematical,23,17,1.106296,2.3828285,0.958815,0.67991
mathematical,23,18,1.009481,0.7407151,0.348994,0.918816
mathematical,23,19,0.699719,0.3805353,0.180675,0.96565
mathematical,23,20,1.233343,1.8336951,0.947282,0.708497
mathematical,23,21,1.358611,1.6519297,0.622841,0.857602
mathematical,23,22,0.932833,0.8194944,0.295963,0.940363
mathematical,23,23,1.102252,2.1055772,0.885807,0.718429
mathematical,24,0,1.305628,1.300231,0.459214,0.906563
mathematical,24,1,1.079043,0.8087775,0.385156,0.913758
mathematical,24,2,1.296698,1.463195,0.546409,0.872262
mathematical,24,3,0.84981,0.651252,0.277228,0.942424
mathematical,24,4,0.680354,0.5143727,0.185863,0.965559
mathematical,24,5,0.95276,1.2593675,0.377112,0.912628
mathematical,24,6,1.058795,2.496573,0.910606,0.701853
mathematical,24,7,0.863192,1.7697939,0.689584,0.778439
mathematical,24,8,1.101731,1.5676401,0.897758,0.699819
mathematical,24,9,1.139834,2.2453461,0.735871,0.810297
mathematical,24,10,1.446604,3.5142293,1.27325,0.653738
mathematical,24,11,1.167001,1.9946057,0.843869,0.713831
mathematical,24,12,1.059911,2.117728,1.040006,0.642162
mathematical,24,13,0.967677,0.8923753,0.288429,0.944428
mathematical,24,14,0.724857,0.4437106,0.162978,0.973652
mathematical,24,15,0.949888,0.977707,0.324425,0.930568
mathematical,24,16,1.407959,1.6040242,0.646966,0.847114
mathematical,24,17,0.840871,1.0896537,0.331569,0.917766
mathematical,24,18,1.128343,1.2362337,0.398495,0.898715
mathematical,24,19,1.126093,0.855163,0.40315,0.909972
mathematical,24,20,1.166327,1.6117948,0.519123,0.855983
mathematical,24,21,0.887856,0.7430472,0.431101,0.878957
mathematical,24,22,1.148361,1.5691735,0.69238,0.797565
mathematical,24,23,0.980834,0.9041097,0.48359,0.872832
mathematical,25,0,0.804885,0.5547518,0.241451,0.947145
mathematical,25,1,0.814197,0.6138356,0.257842,0.947481
mathematical,25,2,0.716483,0.5183901,0.271238,0.92358
mathematical,25,3,1.020862,0.7238523,0.353908,0.919963
mathematical,25,4,0.970415,0.6723104,0.255472,0.955117
mathematical,25,5,0.682057,0.3374646,0.198054,0.954359
mathematical,25,6,0.90636,1.9791328,1.127169,0.583843
mathematical,25,7,1.135851,1.6811714,1.065811,0.636837
mathematical,25,8,1.063617,2.5039592,1.082878,0.635678
mathematical,25,9,0.799568,0.6490144,0.271121,0.933938
mathematical,25,10,0.776487,0.4337327,0.263377,0.936243
mathematical,25,11,0.615687,0.4185775,0.148536,0.97468
mathematical,25,12,1.276343,1.0769489,0.377558,0.929594
mathematical,25,13,1.325354,1.8668858,0.626136,0.848158
mathematical,25,14,0.801078,0.4787785,0.187567,0.969623
mathematical,25,15,0.79958,0.6325701,0.213576,0.96156
mathematical,25,16,0.725638,0.5912054,0.200037,0.962147
mathematical,25,17,0.644275,0.3907719,0.190228,0.961682
mathematical,25,18,0.639191,1.0648884,0.602567,0.772789
mathematical,25,19,0.497278,0.3531738,0.590464,0.751415
mathematical,25,20,0.776148,1.4224597,0.555977,0.823683
mathematical,25,21,1.255943,2.1553814,0.802557,0.764977
mathematical,25,22,1.47751,1.4550273,0.577104,0.870555
mathematical,25,23,1.051137,1.9680759,1.184007,0.577097
mathematical,26,0,1.352132,2.0465405,1.07053,0.670789
mathematical,26,1,0.992534,1.4119177,0.841211,0.709881
mathematical,26,2,1.03254,1.8730537,1.130335,0.608528
mathematical,26,3,1.268185,1.7199513,0.608695,0.839651
mathematical,26,4,1.266848,1.4496641,0.564716,0.85774
mathematical,26,5,1.185705,1.2593082,0.441321,0.901264
mathematical,26,6,1.309265,2.2808673,1.043841,0.675638
mathematical,26,7,1.064897,1.7652605,0.955178,0.680874
mathematical,26,8,1.104944,1.4679742,0.558294,0.851268
mathematical,26,9,0.885291,0.7720643,0.249867,0.954169
mathematical,26,10,1.163643,1.3444917,0.453479,0.897509
mathematical,26,11,1.067609,1.2591386,0.411095,0.909829
mathematical,26,12,1.069403,3.823029,1.443174,0.548734
mathematical,26,13,1.383151,2.3098507,0.762576,0.799745
mathematical,26,14,0.953798,4.0846219,1.553571,0.503527
mathematical,26,15,1.293583,1.5257105,0.573277,0.864821
mathematical,26,16,0.987333,0.8885654,0.367191,0.920465
mathematical,26,17,1.277907,2.0438993,1.005955,0.692201
mathematical,26,18,0.942444,1.7053436,1.07361,0.573805
mathematical,26,19,0.788803,1.5933403,1.017036,0.604754
mathematical,26,20,1.084512,3.1930249,1.123126,0.618849
mathematical,26,21,0.549073,0.3212755,0.124966,0.979725
mathematical,26,22,0.579795,0.5003959,0.151806,0.971864
mathematical,26,23,1.214949,1.2754047,0.545302,0.86088
mathematical,27,0,0.815881,1.4306301,1.070595,0.566137
mathematical,27,1,0.839651,1.1074827,0.73996,0.729213
mathematical,27,2,0.87942,1.6265355,0.786322,0.709162
mathematical,27,3,1.370184,2.1545734,0.80719,0.761076
mathematical,27,4,0.830909,1.3419585,1.089,0.571767
mathematical,27,5,1.141275,2.4600859,1.085438,0.654807
mathematical,27,6,0.704906,0.6340629,0.669536,0.740878
mathematical,27,7,0.881154,0.9224252,0.900899,0.619675
mathematical,27,8,1.032385,1.0254009,0.795019,0.723299
mathematical,27,9,1.223442,2.2547989,1.161396,0.596755
mathematical,27,10,1.58695,1.7134329,0.750198,0.820754
mathematical,27,11,0.716185,1.0115821,0.392672,0.885967
mathematical,27,12,0.596815,0.4043807,0.155652,0.971748
mathematical,27,13,0.904668,0.7319704,0.267792,0.947935
mathematical,27,14,0.789367,0.5065829,0.19911,0.965195
mathematical,27,15,0.751101,0.5095414,0.194388,0.965845
mathematical,27,16,0.713422,0.5115988,0.180026,0.968725
mathematical,27,17,1.229245,1.692216,0.547974,0.870387
mathematical,27,18,0.811863,1.7266284,0.904757,0.653065
mathematical,27,19,0.969273,1.4148672,1.11736,0.591687
mathematical,27,20,0.988069,1.278667,0.865951,0.653233
mathematical,27,21,0.979224,2.8716235,1.13309,0.591406
mathematical,27,22,1.362749,1.7364863,0.656247,0.831611
mathematical,27,23,1.383283,1.5430963,0.60026,0.856211
